Year	State	Electoral	DEMOCRAT	LIBERTARIAN	OTHER	REPUBLICAN	Winer	Electoral Democrat	Electoral Republican
1976	AK	3	44058.0	6785.0	1176.0	71555.0	REPUBLICAN	0	3
1976	AL	9	659170.0	1481.0	18129.0	504070.0	DEMOCRAT	9	0
1976	AR	6	498604.0	0.0	1028.0	267903.0	DEMOCRAT	6	0
1976	AZ	11	295602.0	7647.0	20828.0	418642.0	REPUBLICAN	0	11
1976	CA	55	3742284.0	0.0	179242.0	3882244.0	REPUBLICAN	0	55
1976	CO	9	460801.0	5338.0	31023.0	584278.0	REPUBLICAN	0	9
1976	CT	7	647895.0	0.0	19199.0	719261.0	REPUBLICAN	0	7
1976	DC	3	137818.0	0.0	3139.0	27873.0	DEMOCRAT	3	0
1976	DE	3	122461.0	0.0	3401.0	109780.0	DEMOCRAT	3	0
1976	FL	29	1636000.0	0.0	45100.0	1469531.0	DEMOCRAT	29	0
1976	GA	16	979409.0	0.0	0.0	483743.0	DEMOCRAT	16	0
1976	HI	4	147375.0	3923.0	0.0	140003.0	DEMOCRAT	4	0
1976	IA	6	619931.0	1454.0	25054.0	632864.0	REPUBLICAN	0	6
1976	ID	4	126549.0	3558.0	6674.0	204151.0	REPUBLICAN	0	4
1976	IL	20	2271295.0	8057.0	77661.0	2364269.0	REPUBLICAN	0	20
1976	IN	11	1014714.0	0.0	21690.0	1183958.0	REPUBLICAN	0	11
1976	KS	6	430421.0	0.0	24672.0	502752.0	REPUBLICAN	0	6
1976	KY	8	615717.0	814.0	18759.0	531852.0	DEMOCRAT	8	0
1976	LA	8	661365.0	3134.0	25438.0	587446.0	DEMOCRAT	8	0
1976	MA	11	1429475.0	135.0	87672.0	1030276.0	DEMOCRAT	11	0
1976	MD	10	759612.0	0.0	0.0	672661.0	DEMOCRAT	10	0
1976	ME	4	232279.0	0.0	14369.0	236320.0	REPUBLICAN	0	4
1976	MI	16	1696714.0	5407.0	55727.0	1893742.0	REPUBLICAN	0	16
1976	MN	10	1070440.0	3529.0	56567.0	819395.0	DEMOCRAT	10	0
1976	MO	10	998387.0	0.0	27770.0	927443.0	DEMOCRAT	10	0
1976	MS	6	381329.0	2609.0	17606.0	366846.0	DEMOCRAT	6	0
1976	MT	3	149259.0	0.0	5772.0	173703.0	REPUBLICAN	0	3
1976	NC	15	927365.0	2219.0	6362.0	741960.0	DEMOCRAT	15	0
1976	ND	3	136078.0	256.0	7290.0	153684.0	REPUBLICAN	0	3
1976	NE	5	233293.0	1476.0	12761.0	359219.0	REPUBLICAN	0	5
1976	NH	4	147645.0	936.0	5111.0	185935.0	REPUBLICAN	0	4
1976	NJ	14	1444653.0	9449.0	50682.0	1509688.0	REPUBLICAN	0	14
1976	NM	5	201148.0	1110.0	2913.0	211419.0	REPUBLICAN	0	5
1976	NV	6	92479.0	1519.0	6605.0	101273.0	REPUBLICAN	0	6
1976	NY	29	3244165.0	0.0	598184.0	2825913.0	DEMOCRAT	29	0
1976	OH	18	2009959.0	8952.0	90919.0	2000626.0	DEMOCRAT	18	0
1976	OK	7	532442.0	0.0	14101.0	545708.0	REPUBLICAN	0	7
1976	OR	7	490407.0	0.0	47349.0	492120.0	REPUBLICAN	0	7
1976	PA	20	2328677.0	0.0	86506.0	2205604.0	DEMOCRAT	20	0
1976	RI	4	227636.0	715.0	984.0	181249.0	DEMOCRAT	4	0
1976	SC	9	450807.0	0.0	5627.0	346149.0	DEMOCRAT	9	0
1976	SD	3	147068.0	1619.0	486.0	151505.0	REPUBLICAN	0	3
1976	TN	11	825879.0	0.0	16498.0	633969.0	DEMOCRAT	11	0
1976	TX	38	2082319.0	0.0	36265.0	1953300.0	DEMOCRAT	38	0
1976	UT	6	182110.0	0.0	21200.0	337908.0	REPUBLICAN	0	6
1976	VA	13	813896.0	4648.0	41996.0	836554.0	REPUBLICAN	0	13
1976	VT	3	77798.0	0.0	5717.0	100387.0	REPUBLICAN	0	3
1976	WA	12	717323.0	5042.0	55437.0	777732.0	REPUBLICAN	0	12
1976	WI	10	1040232.0	3814.0	52303.0	1004987.0	DEMOCRAT	10	0
1976	WV	5	435864.0	0.0	0.0	314726.0	DEMOCRAT	5	0
1976	WY	3	62239.0	0.0	1387.0	92717.0	REPUBLICAN	0	3
1980	AK	3	41842.0	18479.0	12012.0	86112.0	REPUBLICAN	0	3
1980	AL	9	636730.0	13318.0	37689.0	654192.0	REPUBLICAN	0	9
1980	AR	6	398041.0	8970.0	27407.0	403164.0	REPUBLICAN	0	6
1980	AZ	11	246843.0	18784.0	78630.0	529688.0	REPUBLICAN	0	11
1980	CA	55	3082943.0	148390.0	828611.0	4522994.0	REPUBLICAN	0	55
1980	CO	9	368009.0	25744.0	138433.0	652264.0	REPUBLICAN	0	9
1980	CT	7	541732.0	8570.0	178773.0	677210.0	REPUBLICAN	0	7
1980	DC	3	130231.0	1104.0	19241.0	23313.0	DEMOCRAT	3	0
1980	DE	3	105754.0	1974.0	16688.0	111252.0	REPUBLICAN	0	3
1980	FL	29	1419475.0	30524.0	189977.0	2046951.0	REPUBLICAN	0	29
1980	GA	16	890955.0	15627.0	36055.0	654168.0	DEMOCRAT	16	0
1980	HI	4	135879.0	3269.0	34027.0	130112.0	DEMOCRAT	4	0
1980	IA	6	508672.0	13123.0	119840.0	676026.0	REPUBLICAN	0	6
1980	ID	4	110192.0	8425.0	28115.0	290699.0	REPUBLICAN	0	4
1980	IL	20	1981413.0	38939.0	371320.0	2358049.0	REPUBLICAN	0	20
1980	IN	11	844197.0	19627.0	122553.0	1255656.0	REPUBLICAN	0	11
1980	KS	6	326150.0	14470.0	72363.0	566812.0	REPUBLICAN	0	6
1980	KY	8	617417.0	5531.0	37405.0	635274.0	REPUBLICAN	0	8
1980	LA	8	708453.0	8240.0	39045.0	792853.0	REPUBLICAN	0	8
1980	MA	11	1053802.0	22038.0	390619.0	1057631.0	REPUBLICAN	0	11
1980	MD	10	726161.0	14192.0	119537.0	680606.0	DEMOCRAT	10	0
1980	ME	4	220974.0	5119.0	58396.0	238522.0	REPUBLICAN	0	4
1980	MI	16	1661532.0	41597.0	291371.0	1915225.0	REPUBLICAN	0	16
1980	MN	10	954173.0	31593.0	192882.0	873268.0	DEMOCRAT	10	0
1980	MO	10	931182.0	14422.0	80039.0	1074181.0	REPUBLICAN	0	10
1980	MS	6	429281.0	4702.0	16678.0	441089.0	REPUBLICAN	0	6
1980	MT	3	118032.0	9825.0	29281.0	206814.0	REPUBLICAN	0	3
1980	NC	15	875635.0	9677.0	55503.0	915018.0	REPUBLICAN	0	15
1980	ND	3	79189.0	3743.0	24489.0	193695.0	REPUBLICAN	0	3
1980	NE	5	166424.0	9041.0	44854.0	419214.0	REPUBLICAN	0	5
1980	NH	4	108864.0	2064.0	51357.0	221705.0	REPUBLICAN	0	4
1980	NJ	14	1147364.0	20652.0	261111.0	1546557.0	REPUBLICAN	0	14
1980	NM	5	167826.0	4365.0	33267.0	250779.0	REPUBLICAN	0	5
1980	NV	6	66666.0	4358.0	17651.0	155017.0	REPUBLICAN	0	6
1980	NY	29	2728372.0	0.0	835887.0	2637700.0	DEMOCRAT	29	0
1980	OH	18	1752414.0	49033.0	275611.0	2206545.0	REPUBLICAN	0	18
1980	OK	7	402026.0	13828.0	38284.0	695570.0	REPUBLICAN	0	7
1980	OR	7	456890.0	25838.0	127744.0	571044.0	REPUBLICAN	0	7
1980	PA	20	1937540.0	33263.0	328826.0	2261872.0	REPUBLICAN	0	20
1980	RI	4	198342.0	2458.0	60374.0	154793.0	DEMOCRAT	4	0
1980	SC	9	428220.0	4807.0	15954.0	439277.0	REPUBLICAN	0	9
1980	SD	3	103855.0	3824.0	21681.0	198343.0	REPUBLICAN	0	3
1980	TN	11	783051.0	7116.0	39688.0	787761.0	REPUBLICAN	0	11
1980	TX	38	1881147.0	37643.0	112141.0	2510705.0	REPUBLICAN	0	38
1980	UT	6	124266.0	7156.0	33043.0	439687.0	REPUBLICAN	0	6
1980	VA	13	752174.0	12821.0	111428.0	989609.0	REPUBLICAN	0	13
1980	VT	3	81952.0	1900.0	34819.0	94628.0	REPUBLICAN	0	3
1980	WA	12	650193.0	29213.0	197744.0	865244.0	REPUBLICAN	0	12
1980	WI	10	981584.0	29135.0	173657.0	1088845.0	REPUBLICAN	0	10
1980	WV	5	367462.0	4356.0	31691.0	334206.0	DEMOCRAT	5	0
1980	WY	3	49427.0	4514.0	12072.0	110700.0	REPUBLICAN	0	3
1984	AK	3	62007.0	6378.0	843.0	138377.0	REPUBLICAN	0	3
1984	AL	9	551899.0	9504.0	7461.0	872849.0	REPUBLICAN	0	9
1984	AR	6	338646.0	2221.0	8765.0	534774.0	REPUBLICAN	0	6
1984	AZ	11	333854.0	10585.0	42.0	681416.0	REPUBLICAN	0	11
1984	CA	55	3922519.0	49951.0	65562.0	5467009.0	REPUBLICAN	0	55
1984	CO	9	454975.0	11257.0	7331.0	821817.0	REPUBLICAN	0	9
1984	CT	7	569597.0	0.0	6426.0	890877.0	REPUBLICAN	0	7
1984	DC	3	180408.0	279.0	1592.0	29009.0	DEMOCRAT	3	0
1984	DE	3	101656.0	268.0	458.0	152190.0	REPUBLICAN	0	3
1984	FL	29	1448816.0	0.0	885.0	2730350.0	REPUBLICAN	0	29
1984	GA	16	706628.0	0.0	753.0	1068722.0	REPUBLICAN	0	16
1984	HI	4	147154.0	2167.0	1475.0	185050.0	REPUBLICAN	0	4
1984	IA	6	605620.0	1844.0	9253.0	703088.0	REPUBLICAN	0	6
1984	ID	4	108510.0	2823.0	2288.0	297523.0	REPUBLICAN	0	4
1984	IL	20	2086499.0	10086.0	15400.0	2707103.0	REPUBLICAN	0	20
1984	IN	11	841481.0	6741.0	7617.0	1377230.0	REPUBLICAN	0	11
1984	KS	6	333149.0	3329.0	8217.0	677296.0	REPUBLICAN	0	6
1984	KY	8	539539.0	0.0	8104.0	821702.0	REPUBLICAN	0	8
1984	LA	8	651586.0	1876.0	16061.0	1037299.0	REPUBLICAN	0	8
1984	MA	11	1239606.0	0.0	8841.0	1310936.0	REPUBLICAN	0	11
1984	MD	10	787935.0	5721.0	2299.0	879918.0	REPUBLICAN	0	10
1984	ME	4	214515.0	0.0	2129.0	336500.0	REPUBLICAN	0	4
1984	MI	16	1529638.0	10055.0	10394.0	2251571.0	REPUBLICAN	0	16
1984	MN	10	1036364.0	2996.0	12486.0	1032603.0	DEMOCRAT	10	0
1984	MO	10	848583.0	0.0	0.0	1274188.0	REPUBLICAN	0	10
1984	MS	6	352192.0	2336.0	4199.0	582377.0	REPUBLICAN	0	6
1984	MT	3	146742.0	5185.0	0.0	232450.0	REPUBLICAN	0	3
1984	NC	15	824287.0	3794.0	799.0	1346481.0	REPUBLICAN	0	15
1984	ND	3	104429.0	703.0	3503.0	200336.0	REPUBLICAN	0	3
1984	NE	5	187866.0	2079.0	2091.0	460054.0	REPUBLICAN	0	5
1984	NH	4	120347.0	735.0	772.0	267050.0	REPUBLICAN	0	4
1984	NJ	14	1261323.0	6416.0	16493.0	1933630.0	REPUBLICAN	0	14
1984	NM	5	201769.0	4459.0	1041.0	307101.0	REPUBLICAN	0	5
1984	NV	6	91655.0	2292.0	0.0	188770.0	REPUBLICAN	0	6
1984	NY	29	3001285.0	11949.0	417057.0	3376519.0	REPUBLICAN	0	29
1984	OH	18	1825440.0	5886.0	53350.0	2678559.0	REPUBLICAN	0	18
1984	OK	7	385080.0	9066.0	0.0	861530.0	REPUBLICAN	0	7
1984	OR	7	536479.0	0.0	4348.0	685700.0	REPUBLICAN	0	7
1984	PA	20	2228131.0	6982.0	25467.0	2584323.0	REPUBLICAN	0	20
1984	RI	4	197106.0	277.0	1026.0	212080.0	REPUBLICAN	0	4
1984	SC	9	344459.0	4359.0	4172.0	615539.0	REPUBLICAN	0	9
1984	SD	3	116113.0	0.0	1487.0	200267.0	REPUBLICAN	0	3
1984	TN	11	711714.0	3072.0	6995.0	990212.0	REPUBLICAN	0	11
1984	TX	38	1949276.0	0.0	14867.0	3433428.0	REPUBLICAN	0	38
1984	UT	6	155369.0	2447.0	2735.0	469105.0	REPUBLICAN	0	6
1984	VA	13	796250.0	0.0	13307.0	1337078.0	REPUBLICAN	0	13
1984	VT	3	95730.0	1002.0	1964.0	135865.0	REPUBLICAN	0	3
1984	WA	12	798352.0	8844.0	16044.0	1051670.0	REPUBLICAN	0	12
1984	WI	10	995740.0	4883.0	12482.0	1198584.0	REPUBLICAN	0	10
1984	WV	5	328125.0	0.0	2134.0	405483.0	REPUBLICAN	0	5
1984	WY	3	53370.0	2357.0	0.0	133241.0	REPUBLICAN	0	3
1988	AK	3	72584.0	5484.0	2797.0	119251.0	REPUBLICAN	0	3
1988	AL	9	549506.0	8460.0	4934.0	815576.0	REPUBLICAN	0	9
1988	AR	6	349237.0	3297.0	8626.0	466578.0	REPUBLICAN	0	6
1988	AZ	11	454029.0	13351.0	1952.0	702541.0	REPUBLICAN	0	11
1988	CA	55	4702233.0	70105.0	59810.0	5054917.0	REPUBLICAN	0	55
1988	CO	9	621453.0	15482.0	7282.0	728177.0	REPUBLICAN	0	9
1988	CT	7	676584.0	14071.0	2498.0	750241.0	REPUBLICAN	0	7
1988	DC	3	159407.0	554.0	5326.0	27590.0	DEMOCRAT	3	0
1988	DE	3	108647.0	1162.0	443.0	139639.0	REPUBLICAN	0	3
1988	FL	29	1656701.0	19796.0	6931.0	2618885.0	REPUBLICAN	0	29
1988	GA	16	714792.0	8435.0	5114.0	1081331.0	REPUBLICAN	0	16
1988	HI	4	192364.0	1999.0	1473.0	158625.0	DEMOCRAT	4	0
1988	IA	6	670557.0	2494.0	7208.0	545355.0	DEMOCRAT	6	0
1988	ID	4	147272.0	5313.0	2502.0	253881.0	REPUBLICAN	0	4
1988	IL	20	2215940.0	14944.0	17297.0	2310939.0	REPUBLICAN	0	20
1988	IN	11	860643.0	0.0	10215.0	1297763.0	REPUBLICAN	0	11
1988	KS	6	422636.0	0.0	16359.0	554049.0	REPUBLICAN	0	6
1988	KY	8	580368.0	2118.0	5750.0	734281.0	REPUBLICAN	0	8
1988	LA	8	717460.0	4115.0	22925.0	883702.0	REPUBLICAN	0	8
1988	MA	11	1401415.0	24251.0	12500.0	1194635.0	DEMOCRAT	11	0
1988	MD	10	826304.0	6748.0	5139.0	876167.0	REPUBLICAN	0	10
1988	ME	4	243569.0	2700.0	1635.0	307131.0	REPUBLICAN	0	4
1988	MI	16	1675783.0	18336.0	9558.0	1965486.0	REPUBLICAN	0	16
1988	MN	10	1109471.0	5109.0	19873.0	962337.0	DEMOCRAT	10	0
1988	MO	10	1001619.0	0.0	6656.0	1084953.0	REPUBLICAN	0	10
1988	MS	6	363921.0	3329.0	6387.0	557890.0	REPUBLICAN	0	6
1988	MT	3	168936.0	5047.0	1279.0	190412.0	REPUBLICAN	0	3
1988	NC	15	890167.0	0.0	6945.0	1237258.0	REPUBLICAN	0	15
1988	ND	3	127739.0	1315.0	1648.0	166559.0	REPUBLICAN	0	3
1988	NE	5	259235.0	2534.0	1740.0	397956.0	REPUBLICAN	0	5
1988	NH	4	163696.0	4502.0	790.0	281537.0	REPUBLICAN	0	4
1988	NJ	14	1320352.0	8421.0	27588.0	1743192.0	REPUBLICAN	0	14
1988	NM	5	244497.0	3368.0	3181.0	270341.0	REPUBLICAN	0	5
1988	NV	6	132738.0	3520.0	835.0	206040.0	REPUBLICAN	0	6
1988	NY	29	3255487.0	12109.0	379673.0	2838414.0	DEMOCRAT	29	0
1988	OH	18	1939629.0	11926.0	25481.0	2416549.0	REPUBLICAN	0	18
1988	OK	7	483423.0	6261.0	2985.0	678367.0	REPUBLICAN	0	7
1988	OR	7	616206.0	14811.0	10551.0	560126.0	DEMOCRAT	7	0
1988	PA	20	2194944.0	12051.0	29169.0	2300087.0	REPUBLICAN	0	20
1988	RI	4	225123.0	825.0	913.0	177761.0	DEMOCRAT	4	0
1988	SC	9	370554.0	4935.0	4077.0	606443.0	REPUBLICAN	0	9
1988	SD	3	145560.0	0.0	2016.0	165415.0	REPUBLICAN	0	3
1988	TN	11	679794.0	0.0	9223.0	947233.0	REPUBLICAN	0	11
1988	TX	38	2352748.0	30355.0	7478.0	3036829.0	REPUBLICAN	0	38
1988	UT	6	207343.0	7473.0	3750.0	428442.0	REPUBLICAN	0	6
1988	VA	13	859799.0	8336.0	14312.0	1309162.0	REPUBLICAN	0	13
1988	VT	3	115775.0	1000.0	2222.0	124331.0	REPUBLICAN	0	3
1988	WA	12	933516.0	17240.0	10662.0	903835.0	DEMOCRAT	12	0
1988	WI	10	1126794.0	0.0	17315.0	1047499.0	DEMOCRAT	10	0
1988	WV	5	341016.0	0.0	2230.0	310065.0	DEMOCRAT	5	0
1988	WY	3	67113.0	2026.0	545.0	106867.0	REPUBLICAN	0	3
1992	AK	3	78294.0	1378.0	76834.0	102000.0	REPUBLICAN	0	3
1992	AL	9	690080.0	5737.0	187960.0	804283.0	REPUBLICAN	0	9
1992	AR	6	505823.0	0.0	107506.0	337324.0	DEMOCRAT	6	0
1992	AZ	11	543050.0	6759.0	365080.0	572086.0	REPUBLICAN	0	11
1992	CA	55	5121325.0	48139.0	2331683.0	3630574.0	DEMOCRAT	55	0
1992	CO	9	629681.0	8669.0	367980.0	562850.0	DEMOCRAT	9	0
1992	CT	7	682318.0	5391.0	350134.0	578313.0	DEMOCRAT	7	0
1992	DC	3	192619.0	467.0	13788.0	20698.0	DEMOCRAT	3	0
1992	DE	3	126054.0	935.0	60318.0	102313.0	DEMOCRAT	3	0
1992	FL	29	2071698.0	15079.0	1053305.0	2173310.0	REPUBLICAN	0	29
1992	GA	16	1008966.0	7110.0	309805.0	995252.0	DEMOCRAT	16	0
1992	HI	4	179310.0	1119.0	55591.0	136822.0	DEMOCRAT	4	0
1992	IA	6	586353.0	1076.0	262287.0	504891.0	DEMOCRAT	6	0
1992	ID	4	137013.0	1167.0	141289.0	202645.0	REPUBLICAN	0	4
1992	IL	20	2453350.0	9218.0	853493.0	1734096.0	DEMOCRAT	20	0
1992	IN	11	848420.0	7936.0	460140.0	989375.0	REPUBLICAN	0	11
1992	KS	6	390434.0	4314.0	312537.0	449951.0	REPUBLICAN	0	6
1992	KY	8	665104.0	4513.0	206105.0	617178.0	DEMOCRAT	8	0
1992	LA	8	815971.0	3155.0	237505.0	733386.0	DEMOCRAT	8	0
1992	MA	11	1318639.0	9021.0	640965.0	805039.0	DEMOCRAT	11	0
1992	MD	10	988571.0	4715.0	284200.0	707094.0	DEMOCRAT	10	0
1992	ME	4	263420.0	1681.0	207894.0	206504.0	DEMOCRAT	4	0
1992	MI	16	1871182.0	10175.0	838376.0	1554940.0	DEMOCRAT	16	0
1992	MN	10	1020997.0	3374.0	575736.0	747841.0	DEMOCRAT	10	0
1992	MO	10	1053873.0	7497.0	518741.0	811159.0	DEMOCRAT	10	0
1992	MS	6	400258.0	2154.0	91588.0	487793.0	REPUBLICAN	0	6
1992	MT	3	154507.0	986.0	110883.0	144207.0	DEMOCRAT	3	0
1992	NC	15	1114042.0	5171.0	357976.0	1134661.0	REPUBLICAN	0	15
1992	ND	3	99168.0	0.0	72721.0	136244.0	REPUBLICAN	0	3
1992	NE	5	216864.0	1340.0	175664.0	343678.0	REPUBLICAN	0	5
1992	NH	4	209040.0	3548.0	122143.0	202484.0	DEMOCRAT	4	0
1992	NJ	14	1436206.0	6822.0	543701.0	1356865.0	DEMOCRAT	14	0
1992	NM	5	261617.0	1615.0	93930.0	212824.0	DEMOCRAT	5	0
1992	NV	6	189148.0	1835.0	139507.0	175828.0	DEMOCRAT	6	0
1992	NY	29	3346894.0	13451.0	1677397.0	2041690.0	DEMOCRAT	29	0
1992	OH	18	1984942.0	0.0	1060715.0	1894310.0	DEMOCRAT	18	0
1992	OK	7	473066.0	4486.0	319878.0	592929.0	REPUBLICAN	0	7
1992	OR	7	621314.0	4277.0	361295.0	475757.0	DEMOCRAT	7	0
1992	PA	20	2239164.0	21477.0	907328.0	1791841.0	DEMOCRAT	20	0
1992	RI	4	213299.0	571.0	107894.0	131601.0	DEMOCRAT	4	0
1992	SC	9	525514.0	2719.0	123172.0	577507.0	REPUBLICAN	0	9
1992	SD	3	124888.0	814.0	73834.0	136718.0	REPUBLICAN	0	3
1992	TN	11	933521.0	0.0	207817.0	841300.0	DEMOCRAT	11	0
1992	TX	38	2281815.0	19699.0	1356433.0	2496071.0	REPUBLICAN	0	38
1992	UT	6	183429.0	1900.0	236037.0	322632.0	REPUBLICAN	0	6
1992	VA	13	1038650.0	5730.0	364232.0	1150517.0	REPUBLICAN	0	13
1992	VT	3	133592.0	501.0	67486.0	88122.0	DEMOCRAT	3	0
1992	WA	12	993037.0	7533.0	555761.0	731234.0	DEMOCRAT	12	0
1992	WI	10	1041066.0	2877.0	556266.0	930855.0	DEMOCRAT	10	0
1992	WV	5	331001.0	1873.0	108829.0	241974.0	DEMOCRAT	5	0
1992	WY	3	68160.0	844.0	51533.0	79347.0	REPUBLICAN	0	3
1996	AK	3	80380.0	2276.0	36218.0	122746.0	REPUBLICAN	0	3
1996	AL	9	662165.0	5290.0	97850.0	769044.0	REPUBLICAN	0	9
1996	AR	6	475171.0	3076.0	80599.0	325416.0	DEMOCRAT	6	0
1996	AZ	11	653288.0	14358.0	114686.0	622073.0	DEMOCRAT	11	0
1996	CA	55	5119835.0	73600.0	997653.0	3828381.0	DEMOCRAT	55	0
1996	CO	9	671152.0	12392.0	135310.0	691848.0	REPUBLICAN	0	9
1996	CT	7	735740.0	5788.0	167977.0	483109.0	DEMOCRAT	7	0
1996	DC	3	158220.0	588.0	9579.0	17339.0	DEMOCRAT	3	0
1996	DE	3	140355.0	2052.0	29341.0	99062.0	DEMOCRAT	3	0
1996	FL	29	2546870.0	23326.0	488422.0	2244536.0	DEMOCRAT	29	0
1996	GA	16	1053849.0	17870.0	146337.0	1080843.0	REPUBLICAN	0	16
1996	HI	4	205012.0	2493.0	38672.0	113943.0	DEMOCRAT	4	0
1996	IA	6	620258.0	2315.0	118858.0	492644.0	DEMOCRAT	6	0
1996	ID	4	165443.0	3325.0	66348.0	256595.0	REPUBLICAN	0	4
1996	IL	20	2341744.0	22548.0	360078.0	1587021.0	DEMOCRAT	20	0
1996	IN	11	887424.0	15632.0	225682.0	1006693.0	REPUBLICAN	0	11
1996	KS	6	387659.0	4557.0	98839.0	583245.0	REPUBLICAN	0	6
1996	KY	8	636614.0	4009.0	124802.0	623283.0	DEMOCRAT	8	0
1996	LA	8	927837.0	7499.0	136037.0	712586.0	DEMOCRAT	8	0
1996	MA	11	1571509.0	20424.0	246468.0	718058.0	DEMOCRAT	11	0
1996	MD	10	966207.0	8765.0	124368.0	681530.0	DEMOCRAT	10	0
1996	ME	4	312788.0	2996.0	103735.0	186378.0	DEMOCRAT	4	0
1996	MI	16	1989653.0	27670.0	350309.0	1481212.0	DEMOCRAT	16	0
1996	MN	10	1120380.0	8271.0	297446.0	766395.0	DEMOCRAT	10	0
1996	MO	10	1025935.0	10522.0	231592.0	890016.0	DEMOCRAT	10	0
1996	MS	6	394022.0	2809.0	57188.0	439838.0	REPUBLICAN	0	6
1996	MT	3	167922.0	2526.0	56983.0	179652.0	REPUBLICAN	0	3
1996	NC	15	1107849.0	8740.0	173280.0	1225938.0	REPUBLICAN	0	15
1996	ND	3	106905.0	847.0	33609.0	125050.0	REPUBLICAN	0	3
1996	NE	5	236761.0	2792.0	74395.0	363467.0	REPUBLICAN	0	5
1996	NH	4	246166.0	4214.0	49731.0	196486.0	DEMOCRAT	4	0
1996	NJ	14	1652361.0	0.0	320400.0	1103099.0	DEMOCRAT	14	0
1996	NM	5	273495.0	2996.0	46832.0	232751.0	DEMOCRAT	5	0
1996	NV	6	203974.0	4460.0	56601.0	199244.0	DEMOCRAT	6	0
1996	NY	29	3649630.0	12220.0	1038572.0	1738707.0	DEMOCRAT	29	0
1996	OH	18	2148222.0	12851.0	513478.0	1859883.0	DEMOCRAT	18	0
1996	OK	7	488105.0	5505.0	130788.0	582315.0	REPUBLICAN	0	7
1996	OR	7	649641.0	8903.0	181064.0	538152.0	DEMOCRAT	7	0
1996	PA	20	2215819.0	28000.0	456319.0	1801169.0	DEMOCRAT	20	0
1996	RI	4	233050.0	1109.0	51405.0	104683.0	DEMOCRAT	4	0
1996	SC	9	506152.0	4271.0	66420.0	573339.0	REPUBLICAN	0	9
1996	SD	3	139333.0	1472.0	32478.0	150543.0	REPUBLICAN	0	3
1996	TN	11	909146.0	0.0	121429.0	863530.0	DEMOCRAT	11	0
1996	TX	38	2459683.0	20256.0	395538.0	2736167.0	REPUBLICAN	0	38
1996	UT	6	221633.0	4129.0	77956.0	361911.0	REPUBLICAN	0	6
1996	VA	13	1091060.0	9174.0	178058.0	1138350.0	REPUBLICAN	0	13
1996	VT	3	137894.0	1183.0	39020.0	80352.0	DEMOCRAT	3	0
1996	WA	12	1123323.0	12522.0	277280.0	840712.0	DEMOCRAT	12	0
1996	WI	10	1071971.0	7929.0	271240.0	845029.0	DEMOCRAT	10	0
1996	WV	5	327812.0	3062.0	71639.0	233946.0	DEMOCRAT	5	0
1996	WY	3	77934.0	1739.0	26510.0	105388.0	REPUBLICAN	0	3
2000	AK	3	79004.0	2636.0	36522.0	167398.0	REPUBLICAN	0	3
2000	AL	9	692611.0	5893.0	26595.0	941173.0	REPUBLICAN	0	9
2000	AR	6	422768.0	2781.0	23292.0	472940.0	REPUBLICAN	0	6
2000	AZ	11	685341.0	5775.0	59248.0	781652.0	REPUBLICAN	0	11
2000	CA	55	5861203.0	45520.0	491670.0	4567429.0	DEMOCRAT	55	0
2000	CO	9	738227.0	12799.0	106594.0	883748.0	REPUBLICAN	0	9
2000	CT	7	816015.0	3484.0	78932.0	561094.0	DEMOCRAT	7	0
2000	DC	3	171923.0	669.0	11229.0	18073.0	DEMOCRAT	3	0
2000	DE	3	180068.0	774.0	9399.0	137288.0	DEMOCRAT	3	0
2000	FL	29	2912253.0	16415.0	121652.0	2912790.0	REPUBLICAN	0	29
2000	GA	16	1116230.0	36332.0	10926.0	1419720.0	REPUBLICAN	0	16
2000	HI	4	205286.0	1477.0	23343.0	137845.0	DEMOCRAT	4	0
2000	IA	6	638517.0	3209.0	76923.0	634373.0	DEMOCRAT	6	0
2000	ID	4	138637.0	3488.0	22553.0	336937.0	REPUBLICAN	0	4
2000	IL	20	2589026.0	11623.0	122038.0	2019421.0	DEMOCRAT	20	0
2000	IN	11	901980.0	15530.0	35956.0	1245836.0	REPUBLICAN	0	11
2000	KS	6	399276.0	4525.0	46083.0	622332.0	REPUBLICAN	0	6
2000	KY	8	638923.0	2885.0	29778.0	872520.0	REPUBLICAN	0	8
2000	LA	8	792344.0	2951.0	42490.0	927871.0	REPUBLICAN	0	8
2000	MA	11	1616487.0	16366.0	222609.0	878502.0	DEMOCRAT	11	0
2000	MD	10	1144008.0	5310.0	62067.0	813827.0	DEMOCRAT	10	0
2000	ME	4	319951.0	3074.0	42176.0	286616.0	DEMOCRAT	4	0
2000	MI	16	2170418.0	16711.0	92233.0	1953139.0	DEMOCRAT	16	0
2000	MN	10	1168266.0	5282.0	155478.0	1109659.0	DEMOCRAT	10	0
2000	MO	10	1111138.0	7436.0	51394.0	1189924.0	REPUBLICAN	0	10
2000	MS	6	404614.0	2009.0	14717.0	572844.0	REPUBLICAN	0	6
2000	MT	3	137126.0	1718.0	31964.0	240178.0	REPUBLICAN	0	3
2000	NC	15	1257692.0	13891.0	12244.0	1631163.0	REPUBLICAN	0	15
2000	ND	3	95284.0	0.0	18120.0	174852.0	REPUBLICAN	0	3
2000	NE	5	231780.0	2245.0	29132.0	433862.0	REPUBLICAN	0	5
2000	NH	4	266348.0	2757.0	26417.0	273559.0	REPUBLICAN	0	4
2000	NJ	14	1788850.0	0.0	114203.0	1284173.0	DEMOCRAT	14	0
2000	NM	5	286783.0	2058.0	23347.0	286417.0	DEMOCRAT	5	0
2000	NV	6	279978.0	3311.0	24562.0	301575.0	REPUBLICAN	0	6
2000	NY	29	3942215.0	7649.0	751774.0	2258577.0	DEMOCRAT	29	0
2000	OH	18	2183628.0	13473.0	154534.0	2350363.0	REPUBLICAN	0	18
2000	OK	7	474276.0	6602.0	9014.0	744337.0	REPUBLICAN	0	7
2000	OR	7	720342.0	7447.0	92584.0	713577.0	DEMOCRAT	7	0
2000	PA	20	2485967.0	11248.0	133843.0	2281127.0	DEMOCRAT	20	0
2000	RI	4	249508.0	742.0	28307.0	130555.0	DEMOCRAT	4	0
2000	SC	9	566037.0	4760.0	26213.0	786892.0	REPUBLICAN	0	9
2000	SD	3	118804.0	1662.0	5103.0	190700.0	REPUBLICAN	0	3
2000	TN	11	981720.0	0.0	32512.0	1061949.0	REPUBLICAN	0	11
2000	TX	38	2433746.0	23160.0	151092.0	3799639.0	REPUBLICAN	0	38
2000	UT	6	203053.0	3616.0	48989.0	515096.0	REPUBLICAN	0	6
2000	VA	13	1217290.0	15198.0	69469.0	1437490.0	REPUBLICAN	0	13
2000	VT	3	149022.0	784.0	24727.0	119775.0	DEMOCRAT	3	0
2000	WA	12	1247652.0	13135.0	117782.0	1108864.0	DEMOCRAT	12	0
2000	WI	10	1242987.0	6640.0	111701.0	1237279.0	DEMOCRAT	10	0
2000	WV	5	295497.0	1912.0	14240.0	336475.0	REPUBLICAN	0	5
2000	WY	3	60481.0	1443.0	3855.0	147947.0	REPUBLICAN	0	3
2004	AK	3	111025.0	1675.0	9009.0	190889.0	REPUBLICAN	0	3
2004	AL	9	693933.0	0.0	13088.0	1176394.0	REPUBLICAN	0	9
2004	AR	6	469953.0	2352.0	9742.0	572898.0	REPUBLICAN	0	6
2004	AZ	11	893524.0	11856.0	2911.0	1104294.0	REPUBLICAN	0	11
2004	CA	55	6745485.0	50165.0	115877.0	5509826.0	DEMOCRAT	55	0
2004	CO	9	1001732.0	7664.0	18979.0	1101255.0	REPUBLICAN	0	9
2004	CT	7	857488.0	3367.0	24088.0	693826.0	DEMOCRAT	7	0
2004	DC	3	202970.0	502.0	2858.0	21256.0	DEMOCRAT	3	0
2004	DE	3	200152.0	586.0	2792.0	171660.0	DEMOCRAT	3	0
2004	FL	29	3583544.0	11996.0	49748.0	3964522.0	REPUBLICAN	0	29
2004	GA	16	1366149.0	18387.0	3085.0	1914254.0	REPUBLICAN	0	16
2004	HI	4	231708.0	1377.0	1737.0	194191.0	DEMOCRAT	4	0
2004	IA	6	741898.0	2992.0	10061.0	751957.0	REPUBLICAN	0	6
2004	ID	4	181098.0	3844.0	4199.0	409235.0	REPUBLICAN	0	4
2004	IL	20	2891550.0	32442.0	4384.0	2345946.0	DEMOCRAT	20	0
2004	IN	11	969011.0	18058.0	1495.0	1479438.0	REPUBLICAN	0	11
2004	KS	6	434993.0	4013.0	12294.0	736456.0	REPUBLICAN	0	6
2004	KY	8	712733.0	2619.0	11091.0	1069439.0	REPUBLICAN	0	8
2004	LA	8	820299.0	2781.0	17857.0	1102169.0	REPUBLICAN	0	8
2004	MA	11	1803800.0	15022.0	37524.0	1071109.0	DEMOCRAT	11	0
2004	MD	10	1334500.0	6094.0	18941.0	1024703.0	DEMOCRAT	10	0
2004	ME	4	396842.0	1965.0	11744.0	330201.0	DEMOCRAT	4	0
2004	MI	16	2479183.0	10552.0	35771.0	2313746.0	DEMOCRAT	16	0
2004	MN	10	1445014.0	4639.0	32039.0	1346695.0	DEMOCRAT	10	0
2004	MO	10	1259171.0	9831.0	6649.0	1455713.0	REPUBLICAN	0	10
2004	MS	6	457766.0	1793.0	7605.0	672660.0	REPUBLICAN	0	6
2004	MT	3	173710.0	1733.0	8928.0	266063.0	REPUBLICAN	0	3
2004	NC	15	1525849.0	11731.0	2261.0	1961166.0	REPUBLICAN	0	15
2004	ND	3	111052.0	851.0	4279.0	196651.0	REPUBLICAN	0	3
2004	NE	5	254328.0	2041.0	9003.0	512814.0	REPUBLICAN	0	5
2004	NH	4	340511.0	0.0	6539.0	331237.0	DEMOCRAT	4	0
2004	NJ	14	1911430.0	0.0	30258.0	1670003.0	DEMOCRAT	14	0
2004	NM	5	370942.0	2382.0	6050.0	376930.0	REPUBLICAN	0	5
2004	NV	6	397190.0	3176.0	10531.0	418690.0	REPUBLICAN	0	6
2004	NY	29	4180755.0	11607.0	448911.0	2806993.0	DEMOCRAT	29	0
2004	OH	18	2741165.0	0.0	26974.0	2859764.0	REPUBLICAN	0	18
2004	OK	7	503966.0	0.0	0.0	959792.0	REPUBLICAN	0	7
2004	OR	7	943163.0	7260.0	19528.0	866831.0	DEMOCRAT	7	0
2004	PA	20	2938095.0	21185.0	16463.0	2793847.0	DEMOCRAT	20	0
2004	RI	4	259760.0	907.0	7421.0	169046.0	DEMOCRAT	4	0
2004	SC	9	661669.0	3608.0	14449.0	937974.0	REPUBLICAN	0	9
2004	SD	3	149244.0	964.0	5423.0	232584.0	REPUBLICAN	0	3
2004	TN	11	1036477.0	0.0	16467.0	1384375.0	REPUBLICAN	0	11
2004	TX	38	2832704.0	38787.0	12341.0	4526917.0	REPUBLICAN	0	38
2004	UT	6	241199.0	3375.0	19528.0	663742.0	REPUBLICAN	0	6
2004	VA	13	1454742.0	11032.0	12682.0	1716959.0	REPUBLICAN	0	13
2004	VT	3	184067.0	1102.0	5960.0	121180.0	DEMOCRAT	3	0
2004	WA	12	1510201.0	11955.0	32034.0	1304894.0	DEMOCRAT	12	0
2004	WI	10	1489504.0	6464.0	22919.0	1478120.0	DEMOCRAT	10	0
2004	WV	5	326541.0	1405.0	4068.0	423778.0	REPUBLICAN	0	5
2004	WY	3	70776.0	1171.0	4285.0	167629.0	REPUBLICAN	0	3
2008	AK	3	123594.0	1589.0	7173.0	193841.0	REPUBLICAN	0	3
2008	AL	9	813479.0	0.0	19794.0	1266546.0	REPUBLICAN	0	9
2008	AR	6	422310.0	4776.0	21514.0	638017.0	REPUBLICAN	0	6
2008	AZ	11	1034707.0	12555.0	16102.0	1230111.0	REPUBLICAN	0	11
2008	CA	55	8274473.0	67582.0	208064.0	5011781.0	DEMOCRAT	55	0
2008	CO	9	1288576.0	10897.0	28299.0	1073589.0	DEMOCRAT	9	0
2008	CT	7	997772.0	0.0	19592.0	629428.0	DEMOCRAT	7	0
2008	DC	3	245800.0	0.0	2686.0	17367.0	DEMOCRAT	3	0
2008	DE	3	255459.0	1109.0	3470.0	152374.0	DEMOCRAT	3	0
2008	FL	29	4282074.0	17218.0	45828.0	4045624.0	DEMOCRAT	29	0
2008	GA	16	1844123.0	28731.0	2873.0	2048759.0	REPUBLICAN	0	16
2008	HI	4	325871.0	1314.0	8313.0	120566.0	DEMOCRAT	4	0
2008	IA	6	828940.0	4590.0	21214.0	682379.0	DEMOCRAT	6	0
2008	ID	4	236440.0	3658.0	12012.0	403012.0	REPUBLICAN	0	4
2008	IL	20	3419348.0	19642.0	52202.0	2031179.0	DEMOCRAT	20	0
2008	IN	11	1374039.0	29257.0	2110.0	1345648.0	DEMOCRAT	11	0
2008	KS	6	514765.0	6706.0	14746.0	699655.0	REPUBLICAN	0	6
2008	KY	8	751985.0	5989.0	20184.0	1048462.0	REPUBLICAN	0	8
2008	LA	8	782989.0	0.0	29497.0	1148275.0	REPUBLICAN	0	8
2008	MA	11	1904097.0	13189.0	76855.0	1108854.0	DEMOCRAT	11	0
2008	MD	10	1629467.0	9842.0	32425.0	959862.0	DEMOCRAT	10	0
2008	ME	4	421923.0	0.0	13967.0	295273.0	DEMOCRAT	4	0
2008	MI	16	2872579.0	23716.0	56662.0	2048639.0	DEMOCRAT	16	0
2008	MN	10	1573354.0	9174.0	52432.0	1275409.0	DEMOCRAT	10	0
2008	MO	10	1441911.0	11386.0	26094.0	1445814.0	REPUBLICAN	0	10
2008	MS	6	554662.0	2529.0	8077.0	724597.0	REPUBLICAN	0	6
2008	MT	3	231667.0	1355.0	14324.0	242763.0	REPUBLICAN	0	3
2008	NC	15	2142651.0	25722.0	14004.0	2128474.0	DEMOCRAT	15	0
2008	ND	3	141278.0	1354.0	5388.0	168601.0	REPUBLICAN	0	3
2008	NE	5	333319.0	2740.0	12243.0	452979.0	REPUBLICAN	0	5
2008	NH	4	384826.0	2748.0	6862.0	316534.0	DEMOCRAT	4	0
2008	NJ	14	2215422.0	8441.0	31167.0	1613207.0	DEMOCRAT	14	0
2008	NM	5	472422.0	2428.0	8476.0	346832.0	DEMOCRAT	5	0
2008	NV	6	533736.0	4263.0	17022.0	412827.0	DEMOCRAT	6	0
2008	NY	29	4645332.0	19596.0	638768.0	2418323.0	DEMOCRAT	29	0
2008	OH	18	2940044.0	19917.0	70569.0	2677820.0	DEMOCRAT	18	0
2008	OK	7	502496.0	0.0	0.0	960165.0	REPUBLICAN	0	7
2008	OR	7	1037291.0	7635.0	44463.0	738475.0	DEMOCRAT	7	0
2008	PA	20	3276363.0	19912.0	61112.0	2655885.0	DEMOCRAT	20	0
2008	RI	4	296571.0	1382.0	8422.0	165391.0	DEMOCRAT	4	0
2008	SC	9	862449.0	7283.0	16341.0	1034896.0	REPUBLICAN	0	9
2008	SD	3	170924.0	1835.0	6162.0	203054.0	REPUBLICAN	0	3
2008	TN	11	1087437.0	0.0	33134.0	1479178.0	REPUBLICAN	0	11
2008	TX	38	3528633.0	56116.0	13718.0	4479328.0	REPUBLICAN	0	38
2008	UT	6	327670.0	6966.0	21704.0	596030.0	REPUBLICAN	0	6
2008	VA	13	1959532.0	11067.0	27656.0	1725005.0	DEMOCRAT	13	0
2008	VT	3	219262.0	1067.0	5743.0	98974.0	DEMOCRAT	3	0
2008	WA	12	1750848.0	12728.0	44086.0	1229216.0	DEMOCRAT	12	0
2008	WI	10	1677211.0	8858.0	34955.0	1262393.0	DEMOCRAT	10	0
2008	WV	5	303857.0	0.0	12128.0	397466.0	REPUBLICAN	0	5
2008	WY	3	82868.0	1594.0	5484.0	164958.0	REPUBLICAN	0	3
2012	AK	3	122640.0	7392.0	5787.0	164676.0	REPUBLICAN	0	3
2012	AL	9	795696.0	0.0	22717.0	1255925.0	REPUBLICAN	0	9
2012	AR	6	394409.0	16276.0	11039.0	647744.0	REPUBLICAN	0	6
2012	AZ	11	1025232.0	32100.0	8268.0	1233654.0	REPUBLICAN	0	11
2012	CA	55	7854285.0	143221.0	201083.0	4839958.0	DEMOCRAT	55	0
2012	CO	9	1323101.0	35545.0	25627.0	1185243.0	DEMOCRAT	9	0
2012	CT	7	905083.0	12340.0	5889.0	634892.0	DEMOCRAT	7	0
2012	DC	3	267070.0	2083.0	3230.0	21381.0	DEMOCRAT	3	0
2012	DE	3	242584.0	3882.0	1940.0	165484.0	DEMOCRAT	3	0
2012	FL	29	4237756.0	44726.0	28250.0	4163447.0	DEMOCRAT	29	0
2012	GA	16	1773827.0	45324.0	0.0	2078688.0	REPUBLICAN	0	16
2012	HI	4	306658.0	3840.0	5646.0	121015.0	DEMOCRAT	4	0
2012	IA	6	822544.0	12926.0	16093.0	730617.0	DEMOCRAT	6	0
2012	ID	4	212787.0	9453.0	9123.0	420911.0	REPUBLICAN	0	4
2012	IL	20	3019512.0	56229.0	31057.0	2135216.0	DEMOCRAT	20	0
2012	IN	11	1152887.0	50111.0	993.0	1420543.0	REPUBLICAN	0	11
2012	KS	6	440726.0	20456.0	6155.0	692634.0	REPUBLICAN	0	6
2012	KY	8	679370.0	17063.0	13589.0	1087190.0	REPUBLICAN	0	8
2012	LA	8	809141.0	18157.0	14505.0	1152262.0	REPUBLICAN	0	8
2012	MA	11	1921290.0	30920.0	43672.0	1188314.0	DEMOCRAT	11	0
2012	MD	10	1677844.0	30195.0	27419.0	971869.0	DEMOCRAT	10	0
2012	ME	4	401306.0	9352.0	21824.0	292276.0	DEMOCRAT	4	0
2012	MI	16	2564569.0	0.0	51136.0	2115256.0	DEMOCRAT	16	0
2012	MN	10	1546167.0	35098.0	35071.0	1320225.0	DEMOCRAT	10	0
2012	MO	10	1223796.0	43151.0	7936.0	1482440.0	REPUBLICAN	0	10
2012	MS	6	562949.0	6676.0	5213.0	710746.0	REPUBLICAN	0	6
2012	MT	3	201839.0	14165.0	116.0	267928.0	REPUBLICAN	0	3
2012	NC	15	2178391.0	44515.0	12071.0	2270395.0	REPUBLICAN	0	15
2012	ND	3	124966.0	5238.0	4408.0	188320.0	REPUBLICAN	0	3
2012	NE	5	302081.0	11109.0	6125.0	475064.0	REPUBLICAN	0	5
2012	NH	4	369561.0	8212.0	3281.0	329918.0	DEMOCRAT	4	0
2012	NJ	14	2122786.0	21035.0	16590.0	1478088.0	DEMOCRAT	14	0
2012	NM	5	415335.0	27788.0	4847.0	335788.0	DEMOCRAT	5	0
2012	NV	6	531373.0	10968.0	9010.0	463567.0	DEMOCRAT	6	0
2012	NY	29	4324228.0	47092.0	522067.0	2223397.0	DEMOCRAT	29	0
2012	OH	18	2827621.0	49493.0	42301.0	2661407.0	DEMOCRAT	18	0
2012	OK	7	443547.0	0.0	0.0	891325.0	REPUBLICAN	0	7
2012	OR	7	970488.0	24089.0	40518.0	754175.0	DEMOCRAT	7	0
2012	PA	20	2990274.0	49991.0	21341.0	2680434.0	DEMOCRAT	20	0
2012	RI	4	279677.0	4388.0	4780.0	157204.0	DEMOCRAT	4	0
2012	SC	9	865941.0	16321.0	10211.0	1071645.0	REPUBLICAN	0	9
2012	SD	3	145039.0	5795.0	2371.0	210610.0	REPUBLICAN	0	3
2012	TN	11	960709.0	0.0	35538.0	1462330.0	REPUBLICAN	0	11
2012	TX	38	3308124.0	88580.0	27304.0	4569843.0	REPUBLICAN	0	38
2012	UT	6	251813.0	12572.0	12455.0	740600.0	REPUBLICAN	0	6
2012	VA	13	1971820.0	31216.0	28931.0	1822522.0	DEMOCRAT	13	0
2012	VT	3	199239.0	3487.0	3866.0	92698.0	DEMOCRAT	3	0
2012	WA	12	1755396.0	42202.0	37248.0	1290670.0	DEMOCRAT	12	0
2012	WI	10	1620985.0	0.0	39483.0	1410966.0	DEMOCRAT	10	0
2012	WV	5	238269.0	6302.0	8212.0	417655.0	REPUBLICAN	0	5
2012	WY	3	69286.0	5326.0	5127.0	170962.0	REPUBLICAN	0	3
2016	AK	3	116454.0	18725.0	20042.0	163387.0	REPUBLICAN	0	3
2016	AL	9	729547.0	44467.0	31103.0	1318255.0	REPUBLICAN	0	9
2016	AR	6	380494.0	29829.0	35440.0	684872.0	REPUBLICAN	0	6
2016	AZ	11	1161209.0	106327.0	53228.0	1252401.0	REPUBLICAN	0	11
2016	CA	55	8753788.0	478500.0	465497.0	4483810.0	DEMOCRAT	55	0
2016	CO	9	1338870.0	144121.0	94745.0	1202484.0	DEMOCRAT	9	0
2016	CT	7	897572.0	48676.0	25457.0	673215.0	DEMOCRAT	7	0
2016	DC	3	282830.0	4906.0	12116.0	12723.0	DEMOCRAT	3	0
2016	DE	3	235603.0	14757.0	6103.0	185127.0	DEMOCRAT	3	0
2016	FL	29	4504975.0	207043.0	90135.0	4617886.0	REPUBLICAN	0	29
2016	GA	16	1877963.0	125306.0	22359.0	2089104.0	REPUBLICAN	0	16
2016	HI	4	266891.0	15954.0	25972.0	128847.0	DEMOCRAT	4	0
2016	IA	6	653669.0	59186.0	51742.0	800983.0	REPUBLICAN	0	6
2016	ID	4	189765.0	28331.0	63104.0	409055.0	REPUBLICAN	0	4
2016	IL	20	3090729.0	209596.0	90084.0	2146015.0	DEMOCRAT	20	0
2016	IN	11	1033126.0	133993.0	10553.0	1557286.0	REPUBLICAN	0	11
2016	KS	6	427005.0	55406.0	30973.0	671018.0	REPUBLICAN	0	6
2016	KY	8	628854.0	53752.0	38572.0	1202971.0	REPUBLICAN	0	8
2016	LA	8	780154.0	37978.0	32262.0	1178638.0	REPUBLICAN	0	8
2016	MA	11	1995196.0	138018.0	154714.0	1090893.0	DEMOCRAT	11	0
2016	MD	10	1678006.0	79605.0	80407.0	943428.0	DEMOCRAT	10	0
2016	ME	4	357735.0	38105.0	40459.0	335593.0	DEMOCRAT	4	0
2016	MI	16	2268839.0	172136.0	78766.0	2279543.0	REPUBLICAN	0	16
2016	MN	10	1367705.0	112972.0	141156.0	1322949.0	DEMOCRAT	10	0
2016	MO	10	1071068.0	97359.0	45667.0	1594511.0	REPUBLICAN	0	10
2016	MS	6	485131.0	14435.0	9077.0	700714.0	REPUBLICAN	0	6
2016	MT	3	177709.0	28037.0	9540.0	279240.0	REPUBLICAN	0	3
2016	NC	15	2189316.0	130126.0	59491.0	2362631.0	REPUBLICAN	0	15
2016	ND	3	93758.0	21434.0	12374.0	216794.0	REPUBLICAN	0	3
2016	NE	5	284494.0	38946.0	24826.0	495961.0	REPUBLICAN	0	5
2016	NH	4	348526.0	30777.0	19203.0	345790.0	DEMOCRAT	4	0
2016	NJ	14	2148278.0	72477.0	51358.0	1601933.0	DEMOCRAT	14	0
2016	NM	5	385234.0	74541.0	18877.0	319667.0	DEMOCRAT	5	0
2016	NV	6	539260.0	37384.0	36683.0	512058.0	DEMOCRAT	6	0
2016	NY	29	4379789.0	57442.0	837711.0	2527142.0	DEMOCRAT	29	0
2016	OH	18	2394164.0	0.0	261318.0	2841005.0	REPUBLICAN	0	18
2016	OK	7	420375.0	83481.0	0.0	949136.0	REPUBLICAN	0	7
2016	OR	7	1002106.0	94231.0	122596.0	782403.0	DEMOCRAT	7	0
2016	PA	20	2926441.0	146715.0	71513.0	2970733.0	REPUBLICAN	0	20
2016	RI	4	252525.0	14746.0	16330.0	180543.0	DEMOCRAT	4	0
2016	SC	9	855373.0	49204.0	43061.0	1155389.0	REPUBLICAN	0	9
2016	SD	3	117458.0	20850.0	4064.0	227721.0	REPUBLICAN	0	3
2016	TN	11	870695.0	0.0	114407.0	1522925.0	REPUBLICAN	0	11
2016	TX	38	3877868.0	283492.0	122819.0	4685047.0	REPUBLICAN	0	38
2016	UT	6	310674.0	39608.0	265824.0	515211.0	REPUBLICAN	0	6
2016	VA	13	1981473.0	118274.0	113562.0	1769443.0	DEMOCRAT	13	0
2016	VT	3	178573.0	10078.0	36447.0	95369.0	DEMOCRAT	3	0
2016	WA	12	1742718.0	160879.0	191675.0	1221747.0	DEMOCRAT	12	0
2016	WI	10	1382536.0	106674.0	81656.0	1405284.0	REPUBLICAN	0	10
2016	WV	5	188794.0	23004.0	11882.0	489371.0	REPUBLICAN	0	5
2016	WY	3	55973.0	13287.0	15109.0	174419.0	REPUBLICAN	0	3
2020	AK	3	153778.0	8897.0	6904.0	189951.0	REPUBLICAN	0	3
2020	AL	9	849624.0	25176.0	7312.0	1441170.0	REPUBLICAN	0	9
2020	AR	6	423932.0	13133.0	21357.0	760647.0	REPUBLICAN	0	6
2020	AZ	11	1672143.0	51465.0	2032.0	1661686.0	DEMOCRAT	11	0
2020	CA	55	11110250.0	187895.0	196307.0	6006429.0	DEMOCRAT	55	0
2020	CO	9	1804352.0	52460.0	58561.0	1364607.0	DEMOCRAT	9	0
2020	CT	7	1080831.0	20230.0	8079.0	714717.0	DEMOCRAT	7	0
2020	DC	3	317323.0	2036.0	6411.0	18586.0	DEMOCRAT	3	0
2020	DE	3	296268.0	5000.0	2475.0	200603.0	DEMOCRAT	3	0
2020	FL	29	5297045.0	70324.0	31356.0	5668731.0	REPUBLICAN	0	29
2020	GA	16	2473633.0	62229.0	2244.0	2461854.0	DEMOCRAT	16	0
2020	HI	4	366130.0	5539.0	11251.0	196864.0	DEMOCRAT	4	0
2020	IA	6	759061.0	19637.0	23760.0	897672.0	REPUBLICAN	0	6
2020	ID	4	287021.0	16404.0	10470.0	554119.0	REPUBLICAN	0	4
2020	IL	20	3471915.0	66544.0	48393.0	2446891.0	DEMOCRAT	20	0
2020	IN	11	1242416.0	59232.0	1951.0	1729519.0	REPUBLICAN	0	11
2020	KS	6	570323.0	30574.0	0.0	771406.0	REPUBLICAN	0	6
2020	KY	8	772474.0	26234.0	11414.0	1326646.0	REPUBLICAN	0	8
2020	LA	8	856034.0	21645.0	14607.0	1255776.0	REPUBLICAN	0	8
2020	MA	11	2382202.0	47013.0	61588.0	1167202.0	DEMOCRAT	11	0
2020	MD	10	1985023.0	33488.0	42105.0	976414.0	DEMOCRAT	10	0
2020	ME	4	435072.0	14152.0	18344.0	360737.0	DEMOCRAT	4	0
2020	MI	16	2804040.0	60381.0	25029.0	2649852.0	DEMOCRAT	16	0
2020	MN	10	1717077.0	34976.0	41053.0	1484065.0	DEMOCRAT	10	0
2020	MO	10	1253014.0	41205.0	13007.0	1718736.0	REPUBLICAN	0	10
2020	MS	6	539398.0	8026.0	9571.0	756764.0	REPUBLICAN	0	6
2020	MT	3	244786.0	15252.0	34.0	343602.0	REPUBLICAN	0	3
2020	NC	15	2684292.0	48678.0	33059.0	2758773.0	REPUBLICAN	0	15
2020	ND	3	114902.0	9393.0	1929.0	235595.0	REPUBLICAN	0	3
2020	NE	5	374583.0	20283.0	4671.0	556846.0	REPUBLICAN	0	5
2020	NH	4	424921.0	13235.0	2372.0	365654.0	DEMOCRAT	4	0
2020	NJ	14	2608335.0	31677.0	26067.0	1883274.0	DEMOCRAT	14	0
2020	NM	5	501614.0	12585.0	7872.0	401894.0	DEMOCRAT	5	0
2020	NV	6	703486.0	14783.0	17217.0	669890.0	DEMOCRAT	6	0
2020	NY	29	5230985.0	60234.0	125718.0	3244798.0	DEMOCRAT	29	0
2020	OH	18	2679165.0	67569.0	20634.0	3154834.0	REPUBLICAN	0	18
2020	OK	7	503890.0	24731.0	11798.0	1020280.0	REPUBLICAN	0	7
2020	OR	7	1340383.0	41582.0	33908.0	958448.0	DEMOCRAT	7	0
2020	PA	20	3458229.0	79380.0	0.0	3377674.0	DEMOCRAT	20	0
2020	RI	4	307486.0	5053.0	4529.0	199922.0	DEMOCRAT	4	0
2020	SC	9	1091541.0	27916.0	9536.0	1385103.0	REPUBLICAN	0	9
2020	SD	3	150471.0	11095.0	0.0	261043.0	REPUBLICAN	0	3
2020	TN	11	1143711.0	0.0	57665.0	1852475.0	REPUBLICAN	0	11
2020	TX	38	5259126.0	126243.0	39340.0	5890347.0	REPUBLICAN	0	38
2020	UT	6	560282.0	38447.0	24420.0	865140.0	REPUBLICAN	0	6
2020	VA	13	2413568.0	64761.0	19765.0	1962430.0	DEMOCRAT	13	0
2020	VT	3	242820.0	3608.0	11836.0	112704.0	DEMOCRAT	3	0
2020	WA	12	2369612.0	80500.0	52868.0	1584651.0	DEMOCRAT	12	0
2020	WI	10	1630866.0	0.0	56991.0	1610184.0	DEMOCRAT	10	0
2020	WV	5	235984.0	10687.0	2599.0	545382.0	REPUBLICAN	0	5
2020	WY	3	73491.0	5768.0	5685.0	193559.0	REPUBLICAN	0	3
