Year	State	Republican	Democrat	Libertarian	Other	Votes	Winner
1976	ALABAMA	504070	659170	1481	18129	9	Democrat
1976	ALASKA	71555	44058	6785	1176	3	Republican
1976	ARIZONA	418642	295602	7647	20828	11	Republican
1976	ARKANSAS	267903	498604	0	1028	6	Democrat
1976	CALIFORNIA	3882244	3742284	0	179242	55	Republican
1976	COLORADO	584278	460801	5338	31023	9	Republican
1976	CONNECTICUT	719261	647895	0	19199	7	Republican
1976	DELAWARE	109780	122461	0	3401	3	Democrat
1976	DISTRICT OF COLUMBIA	27873	137818	0	3139	3	Democrat
1976	FLORIDA	1469531	1636000	0	45100	29	Democrat
1976	GEORGIA	483743	979409	0	0	16	Democrat
1976	HAWAII	140003	147375	3923	0	4	Democrat
1976	IDAHO	204151	126549	3558	6674	4	Republican
1976	ILLINOIS	2364269	2271295	8057	77661	20	Republican
1976	INDIANA	1183958	1014714	0	21690	11	Republican
1976	IOWA	632864	619931	1454	25054	6	Republican
1976	KANSAS	502752	430421	0	24672	6	Republican
1976	KENTUCKY	531852	615717	814	18759	8	Democrat
1976	LOUISIANA	587446	661365	3134	25438	8	Democrat
1976	MAINE	236320	232279	0	14369	4	Republican
1976	MARYLAND	672661	759612	0	0	10	Democrat
1976	MASSACHUSETTS	1030276	1429475	135	87672	11	Democrat
1976	MICHIGAN	1893742	1696714	5407	55727	16	Republican
1976	MINNESOTA	819395	1070440	3529	56567	10	Democrat
1976	MISSISSIPPI	366846	381329	2609	17606	6	Democrat
1976	MISSOURI	927443	998387	0	27770	10	Democrat
1976	MONTANA	173703	149259	0	5772	3	Republican
1976	NEBRASKA	359219	233293	1476	12761	5	Republican
1976	NEVADA	101273	92479	1519	6605	6	Republican
1976	NEW HAMPSHIRE	185935	147645	936	5111	4	Republican
1976	NEW JERSEY	1509688	1444653	9449	50682	14	Republican
1976	NEW MEXICO	211419	201148	1110	2913	5	Republican
1976	NEW YORK	2825913	3244165	0	598184	29	Democrat
1976	NORTH CAROLINA	741960	927365	2219	6362	15	Democrat
1976	NORTH DAKOTA	153684	136078	256	7290	3	Republican
1976	OHIO	2000626	2009959	8952	90919	18	Democrat
1976	OKLAHOMA	545708	532442	0	14101	7	Republican
1976	OREGON	492120	490407	0	47349	7	Republican
1976	PENNSYLVANIA	2205604	2328677	0	86506	20	Democrat
1976	RHODE ISLAND	181249	227636	715	984	4	Democrat
1976	SOUTH CAROLINA	346149	450807	0	5627	9	Democrat
1976	SOUTH DAKOTA	151505	147068	1619	486	3	Republican
1976	TENNESSEE	633969	825879	0	16498	11	Democrat
1976	TEXAS	1953300	2082319	0	36265	38	Democrat
1976	UTAH	337908	182110	0	21200	6	Republican
1976	VERMONT	100387	77798	0	5717	3	Republican
1976	VIRGINIA	836554	813896	4648	41996	13	Republican
1976	WASHINGTON	777732	717323	5042	55437	12	Republican
1976	WEST VIRGINIA	314726	435864	0	0	5	Democrat
1976	WISCONSIN	1004987	1040232	3814	52303	10	Democrat
1976	WYOMING	92717	62239	0	1387	3	Republican
1980	ALABAMA	654192	636730	13318	37689	9	Republican
1980	ALASKA	86112	41842	18479	12012	3	Republican
1980	ARIZONA	529688	246843	18784	78630	11	Republican
1980	ARKANSAS	403164	398041	8970	27407	6	Republican
1980	CALIFORNIA	4522994	3082943	148390	828611	55	Republican
1980	COLORADO	652264	368009	25744	138433	9	Republican
1980	CONNECTICUT	677210	541732	8570	178773	7	Republican
1980	DELAWARE	111252	105754	1974	16688	3	Republican
1980	DISTRICT OF COLUMBIA	23313	130231	1104	19241	3	Democrat
1980	FLORIDA	2046951	1419475	30524	189977	29	Republican
1980	GEORGIA	654168	890955	15627	36055	16	Democrat
1980	HAWAII	130112	135879	3269	34027	4	Democrat
1980	IDAHO	290699	110192	8425	28115	4	Republican
1980	ILLINOIS	2358049	1981413	38939	371320	20	Republican
1980	INDIANA	1255656	844197	19627	122553	11	Republican
1980	IOWA	676026	508672	13123	119840	6	Republican
1980	KANSAS	566812	326150	14470	72363	6	Republican
1980	KENTUCKY	635274	617417	5531	37405	8	Republican
1980	LOUISIANA	792853	708453	8240	39045	8	Republican
1980	MAINE	238522	220974	5119	58396	4	Republican
1980	MARYLAND	680606	726161	14192	119537	10	Democrat
1980	MASSACHUSETTS	1057631	1053802	22038	390619	11	Republican
1980	MICHIGAN	1915225	1661532	41597	291371	16	Republican
1980	MINNESOTA	873268	954173	31593	192882	10	Democrat
1980	MISSISSIPPI	441089	429281	4702	16678	6	Republican
1980	MISSOURI	1074181	931182	14422	80039	10	Republican
1980	MONTANA	206814	118032	9825	29281	3	Republican
1980	NEBRASKA	419214	166424	9041	44854	5	Republican
1980	NEVADA	155017	66666	4358	17651	6	Republican
1980	NEW HAMPSHIRE	221705	108864	2064	51357	4	Republican
1980	NEW JERSEY	1546557	1147364	20652	261111	14	Republican
1980	NEW MEXICO	250779	167826	4365	33267	5	Republican
1980	NEW YORK	2637700	2728372	0	835887	29	Democrat
1980	NORTH CAROLINA	915018	875635	9677	55503	15	Republican
1980	NORTH DAKOTA	193695	79189	3743	24489	3	Republican
1980	OHIO	2206545	1752414	49033	275611	18	Republican
1980	OKLAHOMA	695570	402026	13828	38284	7	Republican
1980	OREGON	571044	456890	25838	127744	7	Republican
1980	PENNSYLVANIA	2261872	1937540	33263	328826	20	Republican
1980	RHODE ISLAND	154793	198342	2458	60374	4	Democrat
1980	SOUTH CAROLINA	439277	428220	4807	15954	9	Republican
1980	SOUTH DAKOTA	198343	103855	3824	21681	3	Republican
1980	TENNESSEE	787761	783051	7116	39688	11	Republican
1980	TEXAS	2510705	1881147	37643	112141	38	Republican
1980	UTAH	439687	124266	7156	33043	6	Republican
1980	VERMONT	94628	81952	1900	34819	3	Republican
1980	VIRGINIA	989609	752174	12821	111428	13	Republican
1980	WASHINGTON	865244	650193	29213	197744	12	Republican
1980	WEST VIRGINIA	334206	367462	4356	31691	5	Democrat
1980	WISCONSIN	1088845	981584	29135	173657	10	Republican
1980	WYOMING	110700	49427	4514	12072	3	Republican
1984	ALABAMA	872849	551899	9504	7461	9	Republican
1984	ALASKA	138377	62007	6378	843	3	Republican
1984	ARIZONA	681416	333854	10585	42	11	Republican
1984	ARKANSAS	534774	338646	2221	8765	6	Republican
1984	CALIFORNIA	5467009	3922519	49951	65562	55	Republican
1984	COLORADO	821817	454975	11257	7331	9	Republican
1984	CONNECTICUT	890877	569597	0	6426	7	Republican
1984	DELAWARE	152190	101656	268	458	3	Republican
1984	DISTRICT OF COLUMBIA	29009	180408	279	1592	3	Democrat
1984	FLORIDA	2730350	1448816	0	885	29	Republican
1984	GEORGIA	1068722	706628	0	753	16	Republican
1984	HAWAII	185050	147154	2167	1475	4	Republican
1984	IDAHO	297523	108510	2823	2288	4	Republican
1984	ILLINOIS	2707103	2086499	10086	15400	20	Republican
1984	INDIANA	1377230	841481	6741	7617	11	Republican
1984	IOWA	703088	605620	1844	9253	6	Republican
1984	KANSAS	677296	333149	3329	8217	6	Republican
1984	KENTUCKY	821702	539539	0	8104	8	Republican
1984	LOUISIANA	1037299	651586	1876	16061	8	Republican
1984	MAINE	336500	214515	0	2129	4	Republican
1984	MARYLAND	879918	787935	5721	2299	10	Republican
1984	MASSACHUSETTS	1310936	1239606	0	8841	11	Republican
1984	MICHIGAN	2251571	1529638	10055	10394	16	Republican
1984	MINNESOTA	1032603	1036364	2996	12486	10	Democrat
1984	MISSISSIPPI	582377	352192	2336	4199	6	Republican
1984	MISSOURI	1274188	848583	0	0	10	Republican
1984	MONTANA	232450	146742	5185	0	3	Republican
1984	NEBRASKA	460054	187866	2079	2091	5	Republican
1984	NEVADA	188770	91655	2292	0	6	Republican
1984	NEW HAMPSHIRE	267050	120347	735	772	4	Republican
1984	NEW JERSEY	1933630	1261323	6416	16493	14	Republican
1984	NEW MEXICO	307101	201769	4459	1041	5	Republican
1984	NEW YORK	3376519	3001285	11949	417057	29	Republican
1984	NORTH CAROLINA	1346481	824287	3794	799	15	Republican
1984	NORTH DAKOTA	200336	104429	703	3503	3	Republican
1984	OHIO	2678559	1825440	5886	53350	18	Republican
1984	OKLAHOMA	861530	385080	9066	0	7	Republican
1984	OREGON	685700	536479	0	4348	7	Republican
1984	PENNSYLVANIA	2584323	2228131	6982	25467	20	Republican
1984	RHODE ISLAND	212080	197106	277	1026	4	Republican
1984	SOUTH CAROLINA	615539	344459	4359	4172	9	Republican
1984	SOUTH DAKOTA	200267	116113	0	1487	3	Republican
1984	TENNESSEE	990212	711714	3072	6995	11	Republican
1984	TEXAS	3433428	1949276	0	14867	38	Republican
1984	UTAH	469105	155369	2447	2735	6	Republican
1984	VERMONT	135865	95730	1002	1964	3	Republican
1984	VIRGINIA	1337078	796250	0	13307	13	Republican
1984	WASHINGTON	1051670	798352	8844	16044	12	Republican
1984	WEST VIRGINIA	405483	328125	0	2134	5	Republican
1984	WISCONSIN	1198584	995740	4883	12482	10	Republican
1984	WYOMING	133241	53370	2357	0	3	Republican
1988	ALABAMA	815576	549506	8460	4934	9	Republican
1988	ALASKA	119251	72584	5484	2797	3	Republican
1988	ARIZONA	702541	454029	13351	1952	11	Republican
1988	ARKANSAS	466578	349237	3297	8626	6	Republican
1988	CALIFORNIA	5054917	4702233	70105	59810	55	Republican
1988	COLORADO	728177	621453	15482	7282	9	Republican
1988	CONNECTICUT	750241	676584	14071	2498	7	Republican
1988	DELAWARE	139639	108647	1162	443	3	Republican
1988	DISTRICT OF COLUMBIA	27590	159407	554	5326	3	Democrat
1988	FLORIDA	2618885	1656701	19796	6931	29	Republican
1988	GEORGIA	1081331	714792	8435	5114	16	Republican
1988	HAWAII	158625	192364	1999	1473	4	Democrat
1988	IDAHO	253881	147272	5313	2502	4	Republican
1988	ILLINOIS	2310939	2215940	14944	17297	20	Republican
1988	INDIANA	1297763	860643	0	10215	11	Republican
1988	IOWA	545355	670557	2494	7208	6	Democrat
1988	KANSAS	554049	422636	0	16359	6	Republican
1988	KENTUCKY	734281	580368	2118	5750	8	Republican
1988	LOUISIANA	883702	717460	4115	22925	8	Republican
1988	MAINE	307131	243569	2700	1635	4	Republican
1988	MARYLAND	876167	826304	6748	5139	10	Republican
1988	MASSACHUSETTS	1194635	1401415	24251	12500	11	Democrat
1988	MICHIGAN	1965486	1675783	18336	9558	16	Republican
1988	MINNESOTA	962337	1109471	5109	19873	10	Democrat
1988	MISSISSIPPI	557890	363921	3329	6387	6	Republican
1988	MISSOURI	1084953	1001619	0	6656	10	Republican
1988	MONTANA	190412	168936	5047	1279	3	Republican
1988	NEBRASKA	397956	259235	2534	1740	5	Republican
1988	NEVADA	206040	132738	3520	835	6	Republican
1988	NEW HAMPSHIRE	281537	163696	4502	790	4	Republican
1988	NEW JERSEY	1743192	1320352	8421	27588	14	Republican
1988	NEW MEXICO	270341	244497	3368	3181	5	Republican
1988	NEW YORK	2838414	3255487	12109	379673	29	Democrat
1988	NORTH CAROLINA	1237258	890167	0	6945	15	Republican
1988	NORTH DAKOTA	166559	127739	1315	1648	3	Republican
1988	OHIO	2416549	1939629	11926	25481	18	Republican
1988	OKLAHOMA	678367	483423	6261	2985	7	Republican
1988	OREGON	560126	616206	14811	10551	7	Democrat
1988	PENNSYLVANIA	2300087	2194944	12051	29169	20	Republican
1988	RHODE ISLAND	177761	225123	825	913	4	Democrat
1988	SOUTH CAROLINA	606443	370554	4935	4077	9	Republican
1988	SOUTH DAKOTA	165415	145560	0	2016	3	Republican
1988	TENNESSEE	947233	679794	0	9223	11	Republican
1988	TEXAS	3036829	2352748	30355	7478	38	Republican
1988	UTAH	428442	207343	7473	3750	6	Republican
1988	VERMONT	124331	115775	1000	2222	3	Republican
1988	VIRGINIA	1309162	859799	8336	14312	13	Republican
1988	WASHINGTON	903835	933516	17240	10662	12	Democrat
1988	WEST VIRGINIA	310065	341016	0	2230	5	Democrat
1988	WISCONSIN	1047499	1126794	0	17315	10	Democrat
1988	WYOMING	106867	67113	2026	545	3	Republican
1992	ALABAMA	804283	690080	5737	187960	9	Republican
1992	ALASKA	102000	78294	1378	76834	3	Republican
1992	ARIZONA	572086	543050	6759	365080	11	Republican
1992	ARKANSAS	337324	505823	0	107506	6	Democrat
1992	CALIFORNIA	3630574	5121325	48139	2331683	55	Democrat
1992	COLORADO	562850	629681	8669	367980	9	Democrat
1992	CONNECTICUT	578313	682318	5391	350134	7	Democrat
1992	DELAWARE	102313	126054	935	60318	3	Democrat
1992	DISTRICT OF COLUMBIA	20698	192619	467	13788	3	Democrat
1992	FLORIDA	2173310	2071698	15079	1053305	29	Republican
1992	GEORGIA	995252	1008966	7110	309805	16	Democrat
1992	HAWAII	136822	179310	1119	55591	4	Democrat
1992	IDAHO	202645	137013	1167	141289	4	Republican
1992	ILLINOIS	1734096	2453350	9218	853493	20	Democrat
1992	INDIANA	989375	848420	7936	460140	11	Republican
1992	IOWA	504891	586353	1076	262287	6	Democrat
1992	KANSAS	449951	390434	4314	312537	6	Republican
1992	KENTUCKY	617178	665104	4513	206105	8	Democrat
1992	LOUISIANA	733386	815971	3155	237505	8	Democrat
1992	MAINE	206504	263420	1681	207894	4	Democrat
1992	MARYLAND	707094	988571	4715	284200	10	Democrat
1992	MASSACHUSETTS	805039	1318639	9021	640965	11	Democrat
1992	MICHIGAN	1554940	1871182	10175	838376	16	Democrat
1992	MINNESOTA	747841	1020997	3374	575736	10	Democrat
1992	MISSISSIPPI	487793	400258	2154	91588	6	Republican
1992	MISSOURI	811159	1053873	7497	518741	10	Democrat
1992	MONTANA	144207	154507	986	110883	3	Democrat
1992	NEBRASKA	343678	216864	1340	175664	5	Republican
1992	NEVADA	175828	189148	1835	139507	6	Democrat
1992	NEW HAMPSHIRE	202484	209040	3548	122143	4	Democrat
1992	NEW JERSEY	1356865	1436206	6822	543701	14	Democrat
1992	NEW MEXICO	212824	261617	1615	93930	5	Democrat
1992	NEW YORK	2041690	3346894	13451	1677397	29	Democrat
1992	NORTH CAROLINA	1134661	1114042	5171	357976	15	Republican
1992	NORTH DAKOTA	136244	99168	0	72721	3	Republican
1992	OHIO	1894310	1984942	0	1060715	18	Democrat
1992	OKLAHOMA	592929	473066	4486	319878	7	Republican
1992	OREGON	475757	621314	4277	361295	7	Democrat
1992	PENNSYLVANIA	1791841	2239164	21477	907328	20	Democrat
1992	RHODE ISLAND	131601	213299	571	107894	4	Democrat
1992	SOUTH CAROLINA	577507	525514	2719	123172	9	Republican
1992	SOUTH DAKOTA	136718	124888	814	73834	3	Republican
1992	TENNESSEE	841300	933521	0	207817	11	Democrat
1992	TEXAS	2496071	2281815	19699	1356433	38	Republican
1992	UTAH	322632	183429	1900	236037	6	Republican
1992	VERMONT	88122	133592	501	67486	3	Democrat
1992	VIRGINIA	1150517	1038650	5730	364232	13	Republican
1992	WASHINGTON	731234	993037	7533	555761	12	Democrat
1992	WEST VIRGINIA	241974	331001	1873	108829	5	Democrat
1992	WISCONSIN	930855	1041066	2877	556266	10	Democrat
1992	WYOMING	79347	68160	844	51533	3	Republican
1996	ALABAMA	769044	662165	5290	97850	9	Republican
1996	ALASKA	122746	80380	2276	36218	3	Republican
1996	ARIZONA	622073	653288	14358	114686	11	Democrat
1996	ARKANSAS	325416	475171	3076	80599	6	Democrat
1996	CALIFORNIA	3828381	5119835	73600	997653	55	Democrat
1996	COLORADO	691848	671152	12392	135310	9	Republican
1996	CONNECTICUT	483109	735740	5788	167977	7	Democrat
1996	DELAWARE	99062	140355	2052	29341	3	Democrat
1996	DISTRICT OF COLUMBIA	17339	158220	588	9579	3	Democrat
1996	FLORIDA	2244536	2546870	23326	488422	29	Democrat
1996	GEORGIA	1080843	1053849	17870	146337	16	Republican
1996	HAWAII	113943	205012	2493	38672	4	Democrat
1996	IDAHO	256595	165443	3325	66348	4	Republican
1996	ILLINOIS	1587021	2341744	22548	360078	20	Democrat
1996	INDIANA	1006693	887424	15632	225682	11	Republican
1996	IOWA	492644	620258	2315	118858	6	Democrat
1996	KANSAS	583245	387659	4557	98839	6	Republican
1996	KENTUCKY	623283	636614	4009	124802	8	Democrat
1996	LOUISIANA	712586	927837	7499	136037	8	Democrat
1996	MAINE	186378	312788	2996	103735	4	Democrat
1996	MARYLAND	681530	966207	8765	124368	10	Democrat
1996	MASSACHUSETTS	718058	1571509	20424	246468	11	Democrat
1996	MICHIGAN	1481212	1989653	27670	350309	16	Democrat
1996	MINNESOTA	766395	1120380	8271	297446	10	Democrat
1996	MISSISSIPPI	439838	394022	2809	57188	6	Republican
1996	MISSOURI	890016	1025935	10522	231592	10	Democrat
1996	MONTANA	179652	167922	2526	56983	3	Republican
1996	NEBRASKA	363467	236761	2792	74395	5	Republican
1996	NEVADA	199244	203974	4460	56601	6	Democrat
1996	NEW HAMPSHIRE	196486	246166	4214	49731	4	Democrat
1996	NEW JERSEY	1103099	1652361	0	320400	14	Democrat
1996	NEW MEXICO	232751	273495	2996	46832	5	Democrat
1996	NEW YORK	1738707	3649630	12220	1038572	29	Democrat
1996	NORTH CAROLINA	1225938	1107849	8740	173280	15	Republican
1996	NORTH DAKOTA	125050	106905	847	33609	3	Republican
1996	OHIO	1859883	2148222	12851	513478	18	Democrat
1996	OKLAHOMA	582315	488105	5505	130788	7	Republican
1996	OREGON	538152	649641	8903	181064	7	Democrat
1996	PENNSYLVANIA	1801169	2215819	28000	456319	20	Democrat
1996	RHODE ISLAND	104683	233050	1109	51405	4	Democrat
1996	SOUTH CAROLINA	573339	506152	4271	66420	9	Republican
1996	SOUTH DAKOTA	150543	139333	1472	32478	3	Republican
1996	TENNESSEE	863530	909146	0	121429	11	Democrat
1996	TEXAS	2736167	2459683	20256	395538	38	Republican
1996	UTAH	361911	221633	4129	77956	6	Republican
1996	VERMONT	80352	137894	1183	39020	3	Democrat
1996	VIRGINIA	1138350	1091060	9174	178058	13	Republican
1996	WASHINGTON	840712	1123323	12522	277280	12	Democrat
1996	WEST VIRGINIA	233946	327812	3062	71639	5	Democrat
1996	WISCONSIN	845029	1071971	7929	271240	10	Democrat
1996	WYOMING	105388	77934	1739	26510	3	Republican
2000	ALABAMA	941173	692611	5893	26595	9	Republican
2000	ALASKA	167398	79004	2636	36522	3	Republican
2000	ARIZONA	781652	685341	5775	59248	11	Republican
2000	ARKANSAS	472940	422768	2781	23292	6	Republican
2000	CALIFORNIA	4567429	5861203	45520	491670	55	Democrat
2000	COLORADO	883748	738227	12799	106594	9	Republican
2000	CONNECTICUT	561094	816015	3484	78932	7	Democrat
2000	DELAWARE	137288	180068	774	9399	3	Democrat
2000	DISTRICT OF COLUMBIA	18073	171923	669	11229	3	Democrat
2000	FLORIDA	2912790	2912253	16415	121652	29	Republican
2000	GEORGIA	1419720	1116230	36332	10926	16	Republican
2000	HAWAII	137845	205286	1477	23343	4	Democrat
2000	IDAHO	336937	138637	3488	22553	4	Republican
2000	ILLINOIS	2019421	2589026	11623	122038	20	Democrat
2000	INDIANA	1245836	901980	15530	35956	11	Republican
2000	IOWA	634373	638517	3209	76923	6	Democrat
2000	KANSAS	622332	399276	4525	46083	6	Republican
2000	KENTUCKY	872520	638923	2885	29778	8	Republican
2000	LOUISIANA	927871	792344	2951	42490	8	Republican
2000	MAINE	286616	319951	3074	42176	4	Democrat
2000	MARYLAND	813827	1144008	5310	62067	10	Democrat
2000	MASSACHUSETTS	878502	1616487	16366	222609	11	Democrat
2000	MICHIGAN	1953139	2170418	16711	92233	16	Democrat
2000	MINNESOTA	1109659	1168266	5282	155478	10	Democrat
2000	MISSISSIPPI	572844	404614	2009	14717	6	Republican
2000	MISSOURI	1189924	1111138	7436	51394	10	Republican
2000	MONTANA	240178	137126	1718	31964	3	Republican
2000	NEBRASKA	433862	231780	2245	29132	5	Republican
2000	NEVADA	301575	279978	3311	24562	6	Republican
2000	NEW HAMPSHIRE	273559	266348	2757	26417	4	Republican
2000	NEW JERSEY	1284173	1788850	0	114203	14	Democrat
2000	NEW MEXICO	286417	286783	2058	23347	5	Democrat
2000	NEW YORK	2258577	3942215	7649	751774	29	Democrat
2000	NORTH CAROLINA	1631163	1257692	13891	12244	15	Republican
2000	NORTH DAKOTA	174852	95284	0	18120	3	Republican
2000	OHIO	2350363	2183628	13473	154534	18	Republican
2000	OKLAHOMA	744337	474276	6602	9014	7	Republican
2000	OREGON	713577	720342	7447	92584	7	Democrat
2000	PENNSYLVANIA	2281127	2485967	11248	133843	20	Democrat
2000	RHODE ISLAND	130555	249508	742	28307	4	Democrat
2000	SOUTH CAROLINA	786892	566037	4760	26213	9	Republican
2000	SOUTH DAKOTA	190700	118804	1662	5103	3	Republican
2000	TENNESSEE	1061949	981720	0	32512	11	Republican
2000	TEXAS	3799639	2433746	23160	151092	38	Republican
2000	UTAH	515096	203053	3616	48989	6	Republican
2000	VERMONT	119775	149022	784	24727	3	Democrat
2000	VIRGINIA	1437490	1217290	15198	69469	13	Republican
2000	WASHINGTON	1108864	1247652	13135	117782	12	Democrat
2000	WEST VIRGINIA	336475	295497	1912	14240	5	Republican
2000	WISCONSIN	1237279	1242987	6640	111701	10	Democrat
2000	WYOMING	147947	60481	1443	3855	3	Republican
2004	ALABAMA	1176394	693933	0	13088	9	Republican
2004	ALASKA	190889	111025	1675	9009	3	Republican
2004	ARIZONA	1104294	893524	11856	2911	11	Republican
2004	ARKANSAS	572898	469953	2352	9742	6	Republican
2004	CALIFORNIA	5509826	6745485	50165	115877	55	Democrat
2004	COLORADO	1101255	1001732	7664	18979	9	Republican
2004	CONNECTICUT	693826	857488	3367	24088	7	Democrat
2004	DELAWARE	171660	200152	586	2792	3	Democrat
2004	DISTRICT OF COLUMBIA	21256	202970	502	2858	3	Democrat
2004	FLORIDA	3964522	3583544	11996	49748	29	Republican
2004	GEORGIA	1914254	1366149	18387	3085	16	Republican
2004	HAWAII	194191	231708	1377	1737	4	Democrat
2004	IDAHO	409235	181098	3844	4199	4	Republican
2004	ILLINOIS	2345946	2891550	32442	4384	20	Democrat
2004	INDIANA	1479438	969011	18058	1495	11	Republican
2004	IOWA	751957	741898	2992	10061	6	Republican
2004	KANSAS	736456	434993	4013	12294	6	Republican
2004	KENTUCKY	1069439	712733	2619	11091	8	Republican
2004	LOUISIANA	1102169	820299	2781	17857	8	Republican
2004	MAINE	330201	396842	1965	11744	4	Democrat
2004	MARYLAND	1024703	1334500	6094	18941	10	Democrat
2004	MASSACHUSETTS	1071109	1803800	15022	37524	11	Democrat
2004	MICHIGAN	2313746	2479183	10552	35771	16	Democrat
2004	MINNESOTA	1346695	1445014	4639	32039	10	Democrat
2004	MISSISSIPPI	672660	457766	1793	7605	6	Republican
2004	MISSOURI	1455713	1259171	9831	6649	10	Republican
2004	MONTANA	266063	173710	1733	8928	3	Republican
2004	NEBRASKA	512814	254328	2041	9003	5	Republican
2004	NEVADA	418690	397190	3176	10531	6	Republican
2004	NEW HAMPSHIRE	331237	340511	0	6539	4	Democrat
2004	NEW JERSEY	1670003	1911430	0	30258	14	Democrat
2004	NEW MEXICO	376930	370942	2382	6050	5	Republican
2004	NEW YORK	2806993	4180755	11607	448911	29	Democrat
2004	NORTH CAROLINA	1961166	1525849	11731	2261	15	Republican
2004	NORTH DAKOTA	196651	111052	851	4279	3	Republican
2004	OHIO	2859764	2741165	0	26974	18	Republican
2004	OKLAHOMA	959792	503966	0	0	7	Republican
2004	OREGON	866831	943163	7260	19528	7	Democrat
2004	PENNSYLVANIA	2793847	2938095	21185	16463	20	Democrat
2004	RHODE ISLAND	169046	259760	907	7421	4	Democrat
2004	SOUTH CAROLINA	937974	661669	3608	14449	9	Republican
2004	SOUTH DAKOTA	232584	149244	964	5423	3	Republican
2004	TENNESSEE	1384375	1036477	0	16467	11	Republican
2004	TEXAS	4526917	2832704	38787	12341	38	Republican
2004	UTAH	663742	241199	3375	19528	6	Republican
2004	VERMONT	121180	184067	1102	5960	3	Democrat
2004	VIRGINIA	1716959	1454742	11032	12682	13	Republican
2004	WASHINGTON	1304894	1510201	11955	32034	12	Democrat
2004	WEST VIRGINIA	423778	326541	1405	4068	5	Republican
2004	WISCONSIN	1478120	1489504	6464	22919	10	Democrat
2004	WYOMING	167629	70776	1171	4285	3	Republican
2008	ALABAMA	1266546	813479	0	19794	9	Republican
2008	ALASKA	193841	123594	1589	7173	3	Republican
2008	ARIZONA	1230111	1034707	12555	16102	11	Republican
2008	ARKANSAS	638017	422310	4776	21514	6	Republican
2008	CALIFORNIA	5011781	8274473	67582	208064	55	Democrat
2008	COLORADO	1073589	1288576	10897	28299	9	Democrat
2008	CONNECTICUT	629428	997772	0	19592	7	Democrat
2008	DELAWARE	152374	255459	1109	3470	3	Democrat
2008	DISTRICT OF COLUMBIA	17367	245800	0	2686	3	Democrat
2008	FLORIDA	4045624	4282074	17218	45828	29	Democrat
2008	GEORGIA	2048759	1844123	28731	2873	16	Republican
2008	HAWAII	120566	325871	1314	8313	4	Democrat
2008	IDAHO	403012	236440	3658	12012	4	Republican
2008	ILLINOIS	2031179	3419348	19642	52202	20	Democrat
2008	INDIANA	1345648	1374039	29257	2110	11	Democrat
2008	IOWA	682379	828940	4590	21214	6	Democrat
2008	KANSAS	699655	514765	6706	14746	6	Republican
2008	KENTUCKY	1048462	751985	5989	20184	8	Republican
2008	LOUISIANA	1148275	782989	0	29497	8	Republican
2008	MAINE	295273	421923	0	13967	4	Democrat
2008	MARYLAND	959862	1629467	9842	32425	10	Democrat
2008	MASSACHUSETTS	1108854	1904097	13189	76855	11	Democrat
2008	MICHIGAN	2048639	2872579	23716	56662	16	Democrat
2008	MINNESOTA	1275409	1573354	9174	52432	10	Democrat
2008	MISSISSIPPI	724597	554662	2529	8077	6	Republican
2008	MISSOURI	1445814	1441911	11386	26094	10	Republican
2008	MONTANA	242763	231667	1355	14324	3	Republican
2008	NEBRASKA	452979	333319	2740	12243	5	Republican
2008	NEVADA	412827	533736	4263	17022	6	Democrat
2008	NEW HAMPSHIRE	316534	384826	2748	6862	4	Democrat
2008	NEW JERSEY	1613207	2215422	8441	31167	14	Democrat
2008	NEW MEXICO	346832	472422	2428	8476	5	Democrat
2008	NEW YORK	2418323	4645332	19596	638768	29	Democrat
2008	NORTH CAROLINA	2128474	2142651	25722	14004	15	Democrat
2008	NORTH DAKOTA	168601	141278	1354	5388	3	Republican
2008	OHIO	2677820	2940044	19917	70569	18	Democrat
2008	OKLAHOMA	960165	502496	0	0	7	Republican
2008	OREGON	738475	1037291	7635	44463	7	Democrat
2008	PENNSYLVANIA	2655885	3276363	19912	61112	20	Democrat
2008	RHODE ISLAND	165391	296571	1382	8422	4	Democrat
2008	SOUTH CAROLINA	1034896	862449	7283	16341	9	Republican
2008	SOUTH DAKOTA	203054	170924	1835	6162	3	Republican
2008	TENNESSEE	1479178	1087437	0	33134	11	Republican
2008	TEXAS	4479328	3528633	56116	13718	38	Republican
2008	UTAH	596030	327670	6966	21704	6	Republican
2008	VERMONT	98974	219262	1067	5743	3	Democrat
2008	VIRGINIA	1725005	1959532	11067	27656	13	Democrat
2008	WASHINGTON	1229216	1750848	12728	44086	12	Democrat
2008	WEST VIRGINIA	397466	303857	0	12128	5	Republican
2008	WISCONSIN	1262393	1677211	8858	34955	10	Democrat
2008	WYOMING	164958	82868	1594	5484	3	Republican
2012	ALABAMA	1255925	795696	0	22717	9	Republican
2012	ALASKA	164676	122640	7392	5787	3	Republican
2012	ARIZONA	1233654	1025232	32100	8268	11	Republican
2012	ARKANSAS	647744	394409	16276	11039	6	Republican
2012	CALIFORNIA	4839958	7854285	143221	201083	55	Democrat
2012	COLORADO	1185243	1323101	35545	25627	9	Democrat
2012	CONNECTICUT	634892	905083	12340	5889	7	Democrat
2012	DELAWARE	165484	242584	3882	1940	3	Democrat
2012	DISTRICT OF COLUMBIA	21381	267070	2083	3230	3	Democrat
2012	FLORIDA	4163447	4237756	44726	28250	29	Democrat
2012	GEORGIA	2078688	1773827	45324	0	16	Republican
2012	HAWAII	121015	306658	3840	5646	4	Democrat
2012	IDAHO	420911	212787	9453	9123	4	Republican
2012	ILLINOIS	2135216	3019512	56229	31057	20	Democrat
2012	INDIANA	1420543	1152887	50111	993	11	Republican
2012	IOWA	730617	822544	12926	16093	6	Democrat
2012	KANSAS	692634	440726	20456	6155	6	Republican
2012	KENTUCKY	1087190	679370	17063	13589	8	Republican
2012	LOUISIANA	1152262	809141	18157	14505	8	Republican
2012	MAINE	292276	401306	9352	21824	4	Democrat
2012	MARYLAND	971869	1677844	30195	27419	10	Democrat
2012	MASSACHUSETTS	1188314	1921290	30920	43672	11	Democrat
2012	MICHIGAN	2115256	2564569	0	51136	16	Democrat
2012	MINNESOTA	1320225	1546167	35098	35071	10	Democrat
2012	MISSISSIPPI	710746	562949	6676	5213	6	Republican
2012	MISSOURI	1482440	1223796	43151	7936	10	Republican
2012	MONTANA	267928	201839	14165	116	3	Republican
2012	NEBRASKA	475064	302081	11109	6125	5	Republican
2012	NEVADA	463567	531373	10968	9010	6	Democrat
2012	NEW HAMPSHIRE	329918	369561	8212	3281	4	Democrat
2012	NEW JERSEY	1478088	2122786	21035	16590	14	Democrat
2012	NEW MEXICO	335788	415335	27788	4847	5	Democrat
2012	NEW YORK	2223397	4324228	47092	522067	29	Democrat
2012	NORTH CAROLINA	2270395	2178391	44515	12071	15	Republican
2012	NORTH DAKOTA	188320	124966	5238	4408	3	Republican
2012	OHIO	2661407	2827621	49493	42301	18	Democrat
2012	OKLAHOMA	891325	443547	0	0	7	Republican
2012	OREGON	754175	970488	24089	40518	7	Democrat
2012	PENNSYLVANIA	2680434	2990274	49991	21341	20	Democrat
2012	RHODE ISLAND	157204	279677	4388	4780	4	Democrat
2012	SOUTH CAROLINA	1071645	865941	16321	10211	9	Republican
2012	SOUTH DAKOTA	210610	145039	5795	2371	3	Republican
2012	TENNESSEE	1462330	960709	0	35538	11	Republican
2012	TEXAS	4569843	3308124	88580	27304	38	Republican
2012	UTAH	740600	251813	12572	12455	6	Republican
2012	VERMONT	92698	199239	3487	3866	3	Democrat
2012	VIRGINIA	1822522	1971820	31216	28931	13	Democrat
2012	WASHINGTON	1290670	1755396	42202	37248	12	Democrat
2012	WEST VIRGINIA	417655	238269	6302	8212	5	Republican
2012	WISCONSIN	1410966	1620985	0	39483	10	Democrat
2012	WYOMING	170962	69286	5326	5127	3	Republican
2016	ALABAMA	1318255	729547	44467	31103	9	Republican
2016	ALASKA	163387	116454	18725	20042	3	Republican
2016	ARIZONA	1252401	1161209	106327	53228	11	Republican
2016	ARKANSAS	684872	380494	29829	35440	6	Republican
2016	CALIFORNIA	4483810	8753788	478500	465497	55	Democrat
2016	COLORADO	1202484	1338870	144121	94745	9	Democrat
2016	CONNECTICUT	673215	897572	48676	25457	7	Democrat
2016	DELAWARE	185127	235603	14757	6103	3	Democrat
2016	DISTRICT OF COLUMBIA	12723	282830	4906	12116	3	Democrat
2016	FLORIDA	4617886	4504975	207043	90135	29	Republican
2016	GEORGIA	2089104	1877963	125306	22359	16	Republican
2016	HAWAII	128847	266891	15954	25972	4	Democrat
2016	IDAHO	409055	189765	28331	63104	4	Republican
2016	ILLINOIS	2146015	3090729	209596	90084	20	Democrat
2016	INDIANA	1557286	1033126	133993	10553	11	Republican
2016	IOWA	800983	653669	59186	51742	6	Republican
2016	KANSAS	671018	427005	55406	30973	6	Republican
2016	KENTUCKY	1202971	628854	53752	38572	8	Republican
2016	LOUISIANA	1178638	780154	37978	32262	8	Republican
2016	MAINE	335593	357735	38105	40459	4	Democrat
2016	MARYLAND	943428	1678006	79605	80407	10	Democrat
2016	MASSACHUSETTS	1090893	1995196	138018	154714	11	Democrat
2016	MICHIGAN	2279543	2268839	172136	78766	16	Republican
2016	MINNESOTA	1322949	1367705	112972	141156	10	Democrat
2016	MISSISSIPPI	700714	485131	14435	9077	6	Republican
2016	MISSOURI	1594511	1071068	97359	45667	10	Republican
2016	MONTANA	279240	177709	28037	9540	3	Republican
2016	NEBRASKA	495961	284494	38946	24826	5	Republican
2016	NEVADA	512058	539260	37384	36683	6	Democrat
2016	NEW HAMPSHIRE	345790	348526	30777	19203	4	Democrat
2016	NEW JERSEY	1601933	2148278	72477	51358	14	Democrat
2016	NEW MEXICO	319667	385234	74541	18877	5	Democrat
2016	NEW YORK	2527142	4379789	57442	837711	29	Democrat
2016	NORTH CAROLINA	2362631	2189316	130126	59491	15	Republican
2016	NORTH DAKOTA	216794	93758	21434	12374	3	Republican
2016	OHIO	2841005	2394164	0	261318	18	Republican
2016	OKLAHOMA	949136	420375	83481	0	7	Republican
2016	OREGON	782403	1002106	94231	122596	7	Democrat
2016	PENNSYLVANIA	2970733	2926441	146715	71513	20	Republican
2016	RHODE ISLAND	180543	252525	14746	16330	4	Democrat
2016	SOUTH CAROLINA	1155389	855373	49204	43061	9	Republican
2016	SOUTH DAKOTA	227721	117458	20850	4064	3	Republican
2016	TENNESSEE	1522925	870695	0	114407	11	Republican
2016	TEXAS	4685047	3877868	283492	122819	38	Republican
2016	UTAH	515211	310674	39608	265824	6	Republican
2016	VERMONT	95369	178573	10078	36447	3	Democrat
2016	VIRGINIA	1769443	1981473	118274	113562	13	Democrat
2016	WASHINGTON	1221747	1742718	160879	191675	12	Democrat
2016	WEST VIRGINIA	489371	188794	23004	11882	5	Republican
2016	WISCONSIN	1405284	1382536	106674	81656	10	Republican
2016	WYOMING	174419	55973	13287	15109	3	Republican
2020	ALABAMA	1441170	849624	25176	7312	9	Republican
2020	ALASKA	189951	153778	8897	6904	3	Republican
2020	ARIZONA	1661686	1672143	51465	2032	11	Democrat
2020	ARKANSAS	760647	423932	13133	21357	6	Republican
2020	CALIFORNIA	6006429	11110250	187895	196307	55	Democrat
2020	COLORADO	1364607	1804352	52460	58561	9	Democrat
2020	CONNECTICUT	714717	1080831	20230	8079	7	Democrat
2020	DELAWARE	200603	296268	5000	2475	3	Democrat
2020	DISTRICT OF COLUMBIA	18586	317323	2036	6411	3	Democrat
2020	FLORIDA	5668731	5297045	70324	31356	29	Republican
2020	GEORGIA	2461854	2473633	62229	2244	16	Democrat
2020	HAWAII	196864	366130	5539	11251	4	Democrat
2020	IDAHO	554119	287021	16404	10470	4	Republican
2020	ILLINOIS	2446891	3471915	66544	48393	20	Democrat
2020	INDIANA	1729519	1242416	59232	1951	11	Republican
2020	IOWA	897672	759061	19637	23760	6	Republican
2020	KANSAS	771406	570323	30574	0	6	Republican
2020	KENTUCKY	1326646	772474	26234	11414	8	Republican
2020	LOUISIANA	1255776	856034	21645	14607	8	Republican
2020	MAINE	360737	435072	14152	18344	4	Democrat
2020	MARYLAND	976414	1985023	33488	42105	10	Democrat
2020	MASSACHUSETTS	1167202	2382202	47013	61588	11	Democrat
2020	MICHIGAN	2649852	2804040	60381	25029	16	Democrat
2020	MINNESOTA	1484065	1717077	34976	41053	10	Democrat
2020	MISSISSIPPI	756764	539398	8026	9571	6	Republican
2020	MISSOURI	1718736	1253014	41205	13007	10	Republican
2020	MONTANA	343602	244786	15252	34	3	Republican
2020	NEBRASKA	556846	374583	20283	4671	5	Republican
2020	NEVADA	669890	703486	14783	17217	6	Democrat
2020	NEW HAMPSHIRE	365654	424921	13235	2372	4	Democrat
2020	NEW JERSEY	1883274	2608335	31677	26067	14	Democrat
2020	NEW MEXICO	401894	501614	12585	7872	5	Democrat
2020	NEW YORK	3244798	5230985	60234	125718	29	Democrat
2020	NORTH CAROLINA	2758773	2684292	48678	33059	15	Republican
2020	NORTH DAKOTA	235595	114902	9393	1929	3	Republican
2020	OHIO	3154834	2679165	67569	20634	18	Republican
2020	OKLAHOMA	1020280	503890	24731	11798	7	Republican
2020	OREGON	958448	1340383	41582	33908	7	Democrat
2020	PENNSYLVANIA	3377674	3458229	79380	0	20	Democrat
2020	RHODE ISLAND	199922	307486	5053	4529	4	Democrat
2020	SOUTH CAROLINA	1385103	1091541	27916	9536	9	Republican
2020	SOUTH DAKOTA	261043	150471	11095	0	3	Republican
2020	TENNESSEE	1852475	1143711	0	57665	11	Republican
2020	TEXAS	5890347	5259126	126243	39340	38	Republican
2020	UTAH	865140	560282	38447	24420	6	Republican
2020	VERMONT	112704	242820	3608	11836	3	Democrat
2020	VIRGINIA	1962430	2413568	64761	19765	13	Democrat
2020	WASHINGTON	1584651	2369612	80500	52868	12	Democrat
2020	WEST VIRGINIA	545382	235984	10687	2599	5	Republican
2020	WISCONSIN	1610184	1630866	0	56991	10	Democrat
2020	WYOMING	193559	73491	5768	5685	3	Republican
